SMILES,EndPt,ReadyBiodeg
OCCOCCO,RB,1
O=S1(=O)CCCC1,NRB,0
OC(=O)c1c(Cl)ccc(Cl)c1Cl,NRB,0
COC(C)(C)CCOC(=O)C,RB,1
CCCCCOP(=O)(OCCCCC)OCCCCC,NRB,0
CO[P](=S)(OC)Oc1ccc(c(C)c1)[N+]([O-])=O,NRB,0
O=Cc1ccc2OCOc2c1,RB,1
[O-][N+](=O)c1cc(Cl)c(Cl)cc1,NRB,0
Sc1cccc2ccccc12,NRB,0
Oc1ccccc1-[n]1[n]c2ccccc2[n]1,NRB,0
Cc1ccc(cc1O)[N+]([O-])=O,NRB,0
CC(C)(OOC(C)(C)c1ccccc1)c2ccccc2,NRB,0
CC(=O)C(N=Nc1ccc(cc1Cl)-c1cc(Cl)c(cc1)N=NC(C(=O)Nc1ccccc1)C(C)=O)C(=O)Nc1ccccc1,NRB,0
C(c1ccccc1)c1ccccc1,NRB,0
CCCCC=C,RB,1
OC(=O)c1cccc[n]1,RB,1
COc1ccc(cc1)Nc1ccc(cc1)OC,NRB,0
NCCCC1OCC2(COC(CCCN)OC2)CO1,NRB,0
N#CSCSc1[n]c2ccccc2[s]1,NRB,0
CC1=CCC2CC1C2(C)C,RB,1
COc1ccc(cc1)Oc1cc(O)c2c(c1N)C(=O)c1c(C2=O)cccc1,NRB,0
CC(O)CN(CC(C)O)CCN(CC(C)O)CC(C)O,NRB,0
Oc1cc2ccccc2cc1C(=O)Nc1ccccc1,NRB,0
Cc1cccc(C)c1O,NRB,0
Clc1ccc(cc1)c2ccccc2,RB,1
CCCCCCCCCCCCCCCCCCCCC,RB,1
CCCCC(COC(=O)CCCCCCCC(=O)OCC(CCCC)CC)CC,RB,1
Oc1ccc(Cl)cc1,NRB,0
CCCCCCCCCCCCOS(O)(=O)=O,RB,1
O=[S]1(=O)CCCO1,RB,1
CC(C)CC(C)OC(=O)C,RB,1
N#Cc1ccc(cc1)C#N,NRB,0
CCCCCCCC\C=C/CCCCCCCC(=O)OCC(O)CO,RB,1
CCCCCCCCCCCCc1ccccc1,RB,1
C=CCN(CC=C)CC=C,NRB,0
CC(O)C2C1C(C)C(=C(N1C2=O)C(O)=O)SC3CNC(C3)C(=O)N(C)C,NRB,0
CCOP(=O)(OCC)OCC,NRB,0
CN(C)S(=O)(=O)N(SC(F)(Cl)Cl)c1ccccc1,NRB,0
NCCNCCN,NRB,0
Cc1cc(C)c(C)cc1,NRB,0
CCCCOC(=O)c1ccccc1C(=O)OCc1ccccc1,RB,1
Oc1c(cc(cc1[N+](=O)[O-])[N+](=O)[O-])[N+](=O)[O-],NRB,0
FC(F)(F)c1ccccc1,NRB,0
CCCCCCc1ccc(cc1)c2ccc(cc2)C#N,NRB,0
CCC(=O)CC(=O)CC,RB,1
COc1ccccc1[N+](=O)[O-],NRB,0
CCCCCCCCCCCCCCCCO,RB,1
CCCCCCCC\C=C/CCCCCCCC(O)=O,RB,1
OCC(COC(=O)C=C)(COC(=O)C=C)COC(=O)C=C,NRB,0
CCCC,RB,1
Cc1ccccc1C(=O)O,RB,1
CCC#CCCO,RB,1
CC(C)C(O)C(C)(C)COC(=O)C(C)C,RB,1
Cc1cc(C)c(N)c(C)c1,NRB,0
FC(F)(Br)C(F)(F)Br,NRB,0
CC(c1ccccc1)c2cc(C)ccc2C,NRB,0
OCCOCCOCCO,RB,1
CCOCC,NRB,0
ClCCl,NRB,0
OC/C=C/c1ccccc1,RB,1
Cc1ccc(cc1N=C=O)N=C=O,NRB,0
OCC(Br)(CO)[N+](=O)[O-],NRB,0
Nc1c(C=NN=Cc2ccc3c(c2N)C(=O)c2c(C3=O)cccc2)ccc2c1C(=O)c1ccccc1C2=O,NRB,0
CC1CC2C(CC1)C(=O)OC2=O,NRB,0
OP=O,NRB,0
CC(C)(C)c1ccc(CC(C)C=O)cc1,NRB,0
CC(=O)OC(N(c1ccc(c(c1)NC(=O)c1ccccc1)N=Nc1ccc(cc1)[N+](=O)[O-])C(OC(=O)C)C)C,NRB,0
COCCCNc1ccc(c2c1cccc2)/N=N/c1c(Br)cc(cc1[N+](=O)[O-])[N+](=O)[O-],NRB,0
[O-][N+](=O)c1cc(c(O)c(c1)[N+]([O-])=O)[N+]([O-])=O,NRB,0
[O-][N+](=O)c1cc(Cl)ccc1Cl,NRB,0
CC1(C)CC(N)CC(C)(CN)C1,NRB,0
CC(C)=CC1C(C(=O)OCN2C(=O)C3=C(CCCC3)C2=O)C1(C)C,NRB,0
CC1(C)CC(C)CC(C1)(OOC(C)(C)C)OOC(C)(C)C,NRB,0
CN1CCN(CC1)CCCN1c2ccccc2Sc2c1cc(Cl)cc2,NRB,0
NCC=C,NRB,0
Cn1cccc1,RB,1
C1CC=CC(C1)c2ccc(cc2)C3CCC=CC3,NRB,0
CCN(c1ccc(c(c1)C)C=C(C#N)C#N)CCOc1ccccc1C1CCCCC1,NRB,0
Cc1ccccc1[N+]([O-])=O,NRB,0
CCCCCCCC\C=C/CCCCCCCC(=O)O,RB,1
Oc1c(Br)c2ccccc2[n]c1C1C(=O)c2ccccc2C1=O,NRB,0
CCCCC(CC)COC(=O)c1ccccc1C(=O)OCC(CC)CCCC,RB,1
Cc1cc(Sc2cc(C)c(c(c2)C(C)(C)C)O)cc(c1O)C(C)(C)C,NRB,0
CCCCC(COC(=O)CCCCC(=O)OCC(CCCC)CC)CC,RB,1
ClC(Cl)Cl,NRB,0
CC1(C)C2CC(=O)C1(C)CC2,RB,1
Cc1cc(cc(C)c1OCC1CO1)-c1cc(C)c(OCC2CO2)c(C)c1,NRB,0
CC(C)C1=NC(=O)C=C(C)N1,NRB,0
CCC(O)=O,RB,1
CC1(C)CC(N)CC(C)(C1)CN,NRB,0
CC(C)(C)C(=O)O,NRB,0
CS,RB,1
Cc1cc(C)cc(C)c1,NRB,0
ClCC=CCl,NRB,0
CCCCCCCCCCCCCCCC(O)=O,RB,1
CCOC(=O)CC(=O)OCC,RB,1
Clc1cc(Cl)c(c(c1)C(=O)Nc1ccc(c(c1)Cl)Cl)O,NRB,0
OC(c1ccccc1)c1ccccc1,RB,1
CNc1ccccc1C,NRB,0
Cc1[n]cc(CO)c(C=O)c1O,RB,1
Cc1cccc(c1)NC,NRB,0
CC(C)CNCC(C)C,RB,1
COc2ccc1cc(ccc1c2)C(C)C(O)=O,NRB,0
CCOC(=O)C(CC(=O)OCC)SP(=S)(OC)OC,NRB,0
O=C1N(Cl)C(=O)N(Cl)C(=O)N1Cl,NRB,0
Nc1ccc2c(cccc2S(O)(=O)=O)c1S(O)(=O)=O,NRB,0
N#CSCSc1sc2ccccc2n1,NRB,0
COc1ccc(cc1)C(c1ccc(cc1)OC)(c1ccccc1)Cl,NRB,0
BrCC(=O)OCC=CCOC(=O)CBr,NRB,0
FC(F)(Cl)Cl,NRB,0
FC(F)(F)C1(F)C(F)(F)C(F)(F)C(F)(F)C(F)(F)C1(F)C(F)(F)F,NRB,0
Nc1cc2cc(cc(O)c2cc1)S(O)(=O)=O,NRB,0
CCOC(=O)C(=O)OCC,RB,1
Oc1cc2ccccc2cc1,RB,1
Cc1ccc(cc1)S(=O)(=O)O,NRB,0
CCCCCCCCCCCCCCCCCCN(C)C,NRB,0
Cc1cc(cc(c1O)[N+]([O-])=O)[N+]([O-])=O,NRB,0
OCCNc1nc(NCCCOCCOc2ccccc2)c(c(c1/N=N/c1ccc(cc1C#N)[N+](=O)[O-])C)C#N,NRB,0
CN1SC(Cl)=CC1=O,NRB,0
Nc1c[n]c(N)cc1,RB,1
Clc1ccc(c(c1)Cl)NC(=O)C(C(=O)C(C)(C)C)Oc1ccc(cc1)C(=O)O,NRB,0
OC(=O)CN(CCN(CC(=O)O)CC(=O)O)CC(=O)O,NRB,0
CC(C)c1ccc(C)cc1,RB,1
Clc1c[n]c(Cl)c(Cl)c1,NRB,0
O=C1CCCCC1C2=CCCCC2,NRB,0
CCCCC(CC)COP(=O)(O)OCC(CC)CCCC,NRB,0
O=C1CCCCCO1,RB,1
CCCCC1CC(OC)C(O)CC1,RB,1
OC(=O)c1cc(Cl)c(Cl)cc1,NRB,0
C1CCCCC1,NRB,0
Nc1cc(c(O)c2C(=O)c3c(N)cc(c(O)c3C(=O)c12)S(=O)(=O)O)S(=O)(=O)O,NRB,0
CCCCCCC(C)c1cc(cc(c1OC(=O)C=CC)[N+](=O)[O-])[N+](=O)[O-],NRB,0
CN(C)C1C2CC3C(=C(O)C2(O)C(=O)C(C(N)=O)=C1O)C(=O)c1c(O)cccc1C3(C)O,NRB,0
OC(=O)c1ccc(cc1)C(O)=O,RB,1
CCCCCCCCC=CCCCCCCCC(=O)N(C)CCS(O)(=O)=O,RB,1
Oc1ccc(O)cc1,RB,1
Clc1ccccc1C=C,NRB,0
[O-][N+](=O)c1cccc2c1cccc2[N+]([O-])=O,NRB,0
CCC(C)N,RB,1
CCCCCCCCCCCCCCCCCCCCCC(=O)N,NRB,0
[O-][N+](=O)c1cc(ccc1)[N+]([O-])=O,NRB,0
Oc1cccnc1,RB,1
COC(=O)C(C)=C,RB,1
Cc1cc(c(O)cc1)-[n]1[n]2c3ccccc3[n]21,NRB,0
N#CCCN(c1ccc(cc1)/N=N/c1sc2c(n1)cc(c(c2)Cl)Cl)CC,NRB,0
CCCCCCCCCCCCCOP(Oc1ccccc1)Oc2ccccc2,NRB,0
C[N+](C)(C)O[P]([O-])(=O)O[P](O)(=O)OC[C@H]1O[C@H]([C@H](O)[C@@H]1O)N2C=CC(=NC2=O)N,RB,1
Cc1cc(N)ccc1C,RB,1
CN(C)S(=O)(=O)c1ccc(cc1)OP(=S)(OC)OC,RB,1
Cc1ccccc1[S](N)(=O)=O,NRB,0
Cc1ccc(cc1)C(C)(C)C,RB,1
CCCCCCCC\C=C/CCCCCCCC(=O)OC,RB,1
OCNCCO,RB,1
c1ccc(cc1)[Bi](c1ccccc1)c1ccccc1,NRB,0
CC(C)(C)C=O,RB,1
CCCCC(CC)COC(=O)c1ccc(C(=O)OCC(CC)CCCC)c(c1)C(=O)OCC(CC)CCCC,NRB,0
CC(=C1CCC(=CC1)C)C,RB,1
Cc1cc(cc(c1O)[N+](=O)[O-])[N+](=O)[O-],NRB,0
CCCCN(CCO)CCCC,NRB,0
Cc1ccc(cc1Cl)[N+]([O-])=O,NRB,0
FC(F)(F)C1(F)C(F)(C(F)(F)C(F)(F)C(F)(F)C1(F)F)C(F)(F)F,NRB,0
Cc1cc(ccc1)NC(=O)OC,RB,1
OC(c1ccc(Cl)cc1)(c1ccc(Cl)cc1)C(Cl)(Cl)Cl,NRB,0
CCNc1nc(Cl)nc(NC(C)C)n1,NRB,0
N#Cc1cc(C)cc(c1/N=N/c1ccc(cc1C)N(CC)CC)Br,NRB,0
CCCCCCCCCCCCOS(=O)(=O)O,RB,1
Nc1ccccc1S(=O)(=O)O,NRB,0
CCC=O,RB,1
FC(C(F)F)F,NRB,0
N[C@@H](CC(=O)O)C(=O)O,RB,1
CCC(C)c1cc(c(O)c(c1)C(C)(C)C)C(C)(C)C,NRB,0
C=COCCCl,RB,1
OS(=O)(=O)c1ccc(Cl)cc1,RB,1
CCC(C)(C)c1ccc(O)c(c1)C(C)(C)CC,NRB,0
O=P(OCCCl)(OCCCl)OCCCl,NRB,0
O=C1C=CC(=O)N1c2ccc(Cc3ccc(cc3)N4C(=O)C=CC4=O)cc2,NRB,0
Brc1cc(Br)c(Br)c(Oc2ccc(Br)c(Br)c2Br)c1,NRB,0
CC1(C)[C@H]2CC[C@]1(C)[C@H](O)C2,RB,1
N#CCCN(CCOC(=O)c1ccccc1)c1ccc(cc1)N=Nc1ccc(cc1)[N+]([O-])=O,NRB,0
CN1SC(=CC1=O)Cl,NRB,0
CC(=CCCC(C)(O)C=C)C,RB,1
CC(C)(C)c1ccc2C(=O)c3ccccc3C(=O)c2c1,NRB,0
CCCCCCCCCCCCSP(SCCCCCCCCCCCC)SCCCCCCCCCCCC,NRB,0
CN(C)CCOCCN(C)C,NRB,0
CCCCCCCCC=CCCCCCCCCOC(=O)CCCCC(=O)OCCCCCCCCC=CCCCCCCCC,RB,1
OC(=O)c1c(Cl)c(Cl)ccc1Cl,NRB,0
COc1c(N)cccc1N(=O)=O,NRB,0
Cc1cc(N)ccc1Cl,NRB,0
CC(C)(C)OOC(C)(C)CCC(C)(C)OOC(C)(C)C,NRB,0
Cc1ccc(cc1)S(=O)(=O)Cl,RB,1
Cc1cc(c(O)c(c1)-[n]1[n]c2cc(Cl)ccc2[n]1)C(C)(C)C,NRB,0
O=C1C=Cc2ccccc2O1,RB,1
CC=C1CC2CC1C=C2,NRB,0
CNc1ccc(c2c1C(=O)c1c(C2=O)cccc1)Nc1cccc(c1)C,NRB,0
C1OC1CN(CC2CO2)c3ccc(Cc4ccc(cc4)N(CC5CO5)CC6CO6)cc3,NRB,0
CCc1ccc(O)cc1,RB,1
CCCCC(=O)O,RB,1
CC(=O)OC(CC(=O)OCCCC)(CC(=O)OCCCC)C(=O)OCCCC,RB,1
Nc1ccc(cc1)S(=O)(=O)N,NRB,0
CC1(C)C2CCC(C)(OO)C1C2,NRB,0
Cc1ccc(cc1)[N+](=O)[O-],NRB,0
Nc1nc[nH]n1,NRB,0
c1ccc2c3c(cccc31)c1cccc3cccc2c31,NRB,0
NNc1c(Cl)cc(Cl)cc1Cl,NRB,0
CC(C)C1CCc2ccccc2C1,NRB,0
CC(C#CC(OOC(C)(C)C)(C)C)(OOC(C)(C)C)C,NRB,0
CCC(CC)[N+]([O-])=O,RB,1
FC(F)(F)C(F)(F)C(F)(F)OC(F)=C(F)F,NRB,0
CCCCN(CC)c1c(cc(cc1[N+]([O-])=O)C(F)(F)F)[N+]([O-])=O,NRB,0
OCC(F)(F)C(F)(F)C(F)(F)C(F)(F)C(F)(F)C(F)(F)C(F)(F)C(F)(F)C(F)(F)C(F)F,NRB,0
CC(C)(C)c1ccc(O)cc1,NRB,0
OC(=O)c1cc2ccc(cc2cc1)C(O)=O,NRB,0
Cc1ccccc1[N+](=O)[O-],NRB,0
COc1ccc(N)cc1,RB,1
O=C(OCCN(CCC#N)c1ccc(cc1)N=Nc2ccc(cc2)[N](=O)=O)c3ccccc3,NRB,0
Brc1cc(Br)cc(c1)Br,NRB,0
OCC(Br)(CO)[N+]([O-])=O,NRB,0
C=CC=O,NRB,0
COc1cc(N=Nc2c(Cl)cc(cc2N(=O)=O)N(=O)=O)c(cc1N(Cc1ccccc1)CCOC(=O)C)NC(=O)C,NRB,0
OCC(O)C(O)C(O)CO,RB,1
NC(=N)N(c1ccccc1)c2ccccc2,NRB,0
Cc1ccc(O)cc1[N+]([O-])=O,NRB,0
Nc1ccc(cc1Cl)[N+]([O-])=O,NRB,0
CC(C)CN,RB,1
CC(C)(CC(=C)c1ccccc1)c2ccccc2,NRB,0
N#Cc1c[n]ccc1,NRB,0
CCCCCCCCOc1ccc(c(O)c1)C(=O)c2ccccc2,NRB,0
OC(CO)CO,RB,1
c1cc(OCC)cc(O)c1C(O)=O,RB,1
ClC1(Cl)C(Cl)=C(Cl)C(Cl)=C1Cl,NRB,0
C/C=C/C=C/C(O)=O,RB,1
Oc1cc(cc2cc(ccc12)S(O)(=O)=O)S(O)(=O)=O,RB,1
Cc1ccccc1Cl,NRB,0
Cc1ccc(OP(=O)(Oc2ccccc2)Oc3ccccc3)cc1,NRB,0
C1CCCCC1N=C=NC1CCCCC1,NRB,0
CCC(=O)OC(=O)CC,RB,1
O=C1OC(=O)C=C1,RB,1
Nc1cc(Cl)ccc1,NRB,0
Nc1ccc(cc1)N=Nc2ccccc2,NRB,0
[O-][N+](=O)c1cc(ccc1)C(O)=O,NRB,0
CCCCC(CCCC)c1cc[n]cc1,RB,1
CC(C)C1NC(=O)NC1=O,NRB,0
COc1c(O)cc(Cl)c(Cl)c1Cl,NRB,0
Oc1cccc(c1)[N+](=O)[O-],RB,1
Nc1cc(Cl)cc(C(O)=O)c1Cl,NRB,0
Clc1cc2S/C(=C/3\Sc4c(C3=O)c(C)cc(c4)Cl)/C(=O)c2c(c1)C,NRB,0
[O-][N+](=O)c1ccc(O)cc1,NRB,0
CC(=CC(=O)C)C,RB,1
COc1ccc(N)c(c1)[N+]([O-])=O,NRB,0
NCC1CCCC(CN)C1,NRB,0
Oc1ccc2c(c1/N=N/c1ccccc1)cccc2,NRB,0
CCCN(CCC)c1c(cc(cc1[N+]([O-])=O)C(F)(F)F)[N+]([O-])=O,NRB,0
Clc1cccc(Cl)c1Cl,NRB,0
OC(=O)c1ccc2C(=O)OC(=O)c2c1,RB,1
CCCOC(=O)N1CCNCC1,RB,1
CCCCCCC(=O)O,RB,1
C1COCCN1Sc1[n]c2ccccc2[s]1,NRB,0
N#Cc1cccnc1,NRB,0
OC(=O)c1ccccc1[N+]([O-])=O,RB,1
Brc1ccccc1,NRB,0
O[S](=O)(=O)c1ccccc1,RB,1
COc1cc(NC(=O)C(N=Nc2ccc(cc2Cl)c3ccc(N=NC(C(=O)C)C(=O)Nc4cc(OC)c(Cl)cc4OC)c(Cl)c3)C(=O)C)c(OC)cc1Cl,NRB,0
C1C=CCC2C=CCC12,NRB,0
COc1cc(C=CC(O)=O)ccc1O,RB,1
CC(C)(C)c1cc(cc(C(O)=O)c1O)C(C)(C)C,NRB,0
CCC(COC(=O)C=C)(COC(=O)C=C)COC(=O)C=C,NRB,0
COc1ccc(cc1)C(=O)O,RB,1
C=Cc1ccc(C=C)cc1,NRB,0
CC(C)C1(C)N=C(NC1=O)c1[n]c2ccccc2cc1C(O)=O,NRB,0
CCCCCCC(O)CCCCCCCCCCC(=O)O,RB,1
Oc1c(Br)c(Br)c(Br)c(Br)c1Br,NRB,0
NC(=O)CI,NRB,0
CCCCCCCCCCCC(=O)NCCC[N+](C)(C)CC(O)=O,RB,1
CC(=O)Nc1ccc(cc1)-c1ccc(N)cc1,NRB,0
CC(c1ccccc1)c2ccccc2O,NRB,0
O=Nc1ccc(cc1)Nc1ccccc1,NRB,0
Clc1cccc2C(=O)c3ccccc3C(=O)c12,NRB,0
FC(F)(F)c1cccc(Cl)c1,NRB,0
CC(C)(c1ccc(OCCO)cc1)c2ccc(OCCO)cc2,NRB,0
CC(C)[C@@H]1CC[C@@H](C)C[C@H]1O,NRB,0
CCCCCCCCCCCCCCCCCC,RB,1
CCCCCCCCCCCC(=O)N(C)CC(=O)O,RB,1
OS(=O)(=O)c1cccc(c1)S(=O)(=O)O,NRB,0
Nc1cccc2cccc(c12)S(=O)(=O)O,NRB,0
CN,RB,1
CCCCCCCCCCCCCC(=O)OCCCCCCCCCCCCCC,RB,1
Clc1ccc(cc1)C(c2ccc(Cl)cc2)C(Cl)(Cl)Cl,NRB,0
CNC(=O)Oc1cccc(C)c1,NRB,0
OC(=O)CCCCCCBr,RB,1
ClC1C(Cl)C(Cl)C(Cl)C(Cl)C1Cl,NRB,0
Brc1c(Br)c(Br)c(c(Br)c1Br)c2c(Br)c(Br)c(Br)c(Br)c2Br,NRB,0
CC(CO)(CO)CO,NRB,0
Nc1cccc2ccccc12,NRB,0
ClCc1ccccc1,RB,1
CCOC(=O)CCc1cc(c(c(c1)C(C)(C)C)O)C(C)(C)C,NRB,0
Cc1ccc(c(O)c1)C(C)(C)C,NRB,0
CCCCCCCCCCCCCCCC(N)=O,NRB,0
Nc1ccc2c(cccc2[S](O)(=O)=O)c1[S](O)(=O)=O,NRB,0
Cc1ccc(c(c1)C)/N=N/C1C(=NN(C1=O)c1ccccc1)C,NRB,0
NC(=N)S(=O)O,RB,1
CNc1ccccc1C(=O)O,RB,1
OC(=O)c1cccc(c1)C(O)=O,RB,1
Oc1ccc(cc1)C#N,RB,1
c1(I)c(NC(=O)COC)c(I)c(C(=O)NCC(O)CO)c(I)c1C(=O)N(C)CC(O)CO,NRB,0
CC(O)C=C,RB,1
OC(=O)C1CC=CCC1C(=O)O,NRB,0
CCCN(c1ccc(c(c1)NC(=O)C)/N=N/c1nnc(s1)SCC)CCC,NRB,0
CCCCCCCCCCCCCCCCCCCCCCCC,RB,1
C1CCCC2CCCCC21,NRB,0
CC1=CCC(CC1)C(C)(C)O,RB,1
CN1C(=O)N(C)c2ncn(C)c2C1(=O),RB,1
CC(=C)C(=O)OCC1CO1,RB,1
CC(CC=O)CC(C)(C)C,NRB,0
O=C1CCCO1,RB,1
ClC=CCCl,NRB,0
COC(=O)C(C)Oc1ccc(Oc2ccc(Cl)cc2Cl)cc1,RB,1
CC(c1ccccc1)c2cccc(C)c2C,NRB,0
CCN(CC)N=O,NRB,0
CCCCCCc1ccc(cc1)-c1ccc(cc1)C#N,NRB,0
CO[Si](CCCN=C(N(C)C)N(C)C)(OC)OC,NRB,0
C\C=C1/CC2CC1C=C2,NRB,0
c1ccc2c(c1)ccc3ccccc23,RB,1
Oc1ccc(cc1)[N+]([O-])=O,NRB,0
CC(c1c(C(C)c2ccccc2)c(O)ccc1C(C)c1ccccc1)c1ccccc1,NRB,0
CNc1cccc(C)c1,NRB,0
COc1ccc(NC(C)=O)cc1N,NRB,0
C#CCO,RB,1
OS(=O)(=O)c1ccc(cc1)N(=O)=O,NRB,0
OC(=O)[C@H]1[C@@H](C(=O)O)[C@]2(Cl)C(=C(Cl)[C@@]1(Cl)C2(Cl)Cl)Cl,NRB,0
CC(=O)C,RB,1
C=CCCl,RB,1
CON(C)C(=O)Nc1ccc(Cl)c(Cl)c1,NRB,0
CC1=NN(C(=O)C1)c2cc(Cl)c(cc2Cl)[S](O)(=O)=O,NRB,0
Oc1ccccc1Br,NRB,0
Nc1cc(O)ccc1,NRB,0
COc1ccc(C(=O)c2ccccc2)c(O)c1,NRB,0
Cc1cc(C)c(O)c(c1)C(C)(C)C,NRB,0
OC(=O)c1ccc2ccccc2c1,RB,1
C[C@H]1C[C@H](C)C(=O)[C@@H](C1)[C@H](O)CC2CC(=O)NC(=O)C2,NRB,0
CCCCCCCCCCCCCO,RB,1
COP(=O)(OC)OC,NRB,0
CC1(C)C2CC(O)C1(C)CC2,RB,1
COc1cc(cc(OC)c1O)C(O)=O,RB,1
COc1ccccc1Nc1ccc(c2c1C(=O)c1ccccc1C2=O)N,NRB,0
Oc1ccc(cc1)C(O)=O,RB,1
Oc1ccc(Br)cc1Br,NRB,0
CC(O)COCC(C)OCC(C)O,NRB,0
N[C@@H](CCC(N)=O)C(O)=O,RB,1
C=COC(=O)CCl,RB,1
CCCCCCCCC(=O)N(CCO)CCO,RB,1
CN1C=C(C(=O)C(=C1)c2cccc(c2)C(F)(F)F)c3ccccc3,NRB,0
Oc1cccc2ccccc12,RB,1
CCCCC(CC)COC(=O)CC(C(=O)OCC(CC)CCCC)S(=O)(=O)O,NRB,0
CCCCN(CCCC)CCCC,NRB,0
CN(C)C(=NCCC[Si](OC)(OC)OC)N(C)C,NRB,0
CCCCCCCOC(=O)c1ccccc1C(=O)OCCCCCCC,NRB,0
COc1cccc(N)c1,NRB,0
Clc1cc(Cl)cc(Cl)c1,NRB,0
ClCCCBr,NRB,0
Clc1[n][n]c(Cl)c2ccccc12,NRB,0
Clc1cccc(Cl)n1,NRB,0
N#CSCSC#N,NRB,0
Nc1cccc2ccccc21,NRB,0
OCc1occc1,RB,1
Nc1ccc(cc1)S(=O)(=O)Nc2ncccn2,NRB,0
Oc1ccc(cc1)/N=N/c1ccc(cc1)/N=N/c1ccccc1,NRB,0
COC(=O)Nc1[nH]c2ccccc2[n]1,NRB,0
O=Cc1cc2OCOc2cc1,RB,1
OS(=O)(=O)c1cc(Cl)ccc1Oc1ccc(Cl)cc1NC(=O)Nc1cc(Cl)c(Cl)cc1,NRB,0
CCCCCCCCCCCCCCCC/C=C/C1CC(=O)OC1=O,NRB,0
CCCCOCC1CO1,RB,1
Oc1cc(Cl)ccc1O,NRB,0
CN(C)C(=O)Nc1ccc(Oc2ccc(Cl)cc2)cc1,NRB,0
C1C=CC2C3CC(C=C3)C12,NRB,0
C1CCCCC1NSc1[n]c2ccccc2[s]1,NRB,0
C=Cc1cccc(Cl)c1,NRB,0
Cc1c(c(C)c(c(c1[N+]([O-])=O)C(C)(C)C)[N+]([O-])=O)[N+]([O-])=O,NRB,0
Oc1ccc2ccccc2c1C=O,RB,1
Clc1cc(cc(c1/N=N/c1ccc(cc1)Nc1ccc(cc1)[N+](=O)[O-])Cl)[N+](=O)[O-],NRB,0
Cc1cccc(N)c1,NRB,0
CC(C)(N)CO,NRB,0
Oc1cccc(OC(=O)c2ccccc2)c1,RB,1
O=C(ON=C1C=CC(=NOC(=O)c2ccccc2)C=C1)c3ccccc3,NRB,0
Cc1ccc(O)c(c1)[N+]([O-])=O,NRB,0
CCN(CCO)CC,NRB,0
Nc1cc(ccc1Cl)C(=O)O,NRB,0
CCCCCCCCCCCCCCCCCC(O)=O,RB,1
N#Cc1ccc(O)cc1,NRB,0
Nc1ccc(cc1Cl)-c1cc(Cl)c(N)cc1,NRB,0
CCOC(=O)C(O)(c1ccc(Cl)cc1)c1ccc(Cl)cc1,NRB,0
CCC1(C(=O)NC(=O)NC1=O)c2ccccc2,NRB,0
N[C@@H](CCC(=O)N)C(=O)O,RB,1
CC(c1ccccc1O)c1ccccc1,NRB,0
CS(C)=O,NRB,0
[O-][N+](=O)c1c(C)c(cc2c1C(C)(C)CC2(C)C)[N+](=O)[O-],NRB,0
CC(C)C1=CC2C3C(C1CC2C)C(=O)OC3=O,NRB,0
CCN(CC)c1ccc(C=O)cc1,NRB,0
ClC(Cl)(Cl)SN1C(=O)C2CC=CCC2C1=O,NRB,0
Oc1cc(O)ccc1,RB,1
Cc1c[s]cc1,NRB,0
Clc1ccc(NC(=N)NC(=N)CCCCCCNC(=N)NC(=N)c2ccc(Cl)cc2)cc1,NRB,0
Cl[Si](Cl)(c1ccccc1)c1ccccc1,NRB,0
C=CCO,RB,1
OCCN(CCO)N=O,RB,1
CC(Nc1nc(nc(n1)c1ccccc1)Nc1cc(Br)c(c2c1C(=O)c1ccccc1C2=O)N)C,NRB,0
CCCCCO,RB,1
N=C(Nc1ccccc1)Nc2ccccc2,NRB,0
Nc1ccc(cc1[N+](=O)[O-])[N+](=O)[O-],NRB,0
CC(=O)C1C(=O)OC(=CC1=O)C,RB,1
CS(=O)(=O)OCC(O)C(O)COS(=O)(=O)C,NRB,0
CN(C)c1ccc(cc1)C(=N)c1ccc(cc1)N(C)C,NRB,0
Nc1c2c(c(O)cc1Oc1ccc(Br)cc1)C(=O)c1ccccc1C2=O,NRB,0
CC(C)C(=O)OCC(C)(C)C(O)C(C)C,RB,1
FC(F)(F)C(F)(F)C(F)(F)C(F)(F)N(C(F)(F)C(F)(F)C(F)(F)C(F)(F)F)C(F)(F)C(F)(F)C(F)(F)C(F)(F)F,NRB,0
Oc1ccc(cc1)[S](=O)(=O)c2ccc(O)cc2,NRB,0
O=CC(Cl)(Cl)Cl,NRB,0
CCCCCCCCCCCCCOP(Oc1ccccc1)Oc1ccccc1,NRB,0
C(OP(OCc1ccccc1)OCc2ccccc2)c3ccccc3,RB,1
CN1CCCCC1,NRB,0
OC(=O)Cc1cccc2ccccc21,NRB,0
Clc1ccccc1C2CO2,NRB,0
CC(C)(C)CC(C)(C)c1ccc(cc1)OCCOCC[N+](C)(C)Cc1ccccc1,NRB,0
Nc1ccc2c(cccc2c1S(=O)(=O)O)S(=O)(=O)O,NRB,0
COc1cc(ccc1N)[N+]([O-])=O,NRB,0
CC(=C)C(=O)O,RB,1
O=N(=O)c1cc(ccc1/N=N/c1c(O)ccc2c1cccc2)N(=O)=O,NRB,0
CCCCCCCCCCCCCCCCCCOC(=O)C(C)=C,RB,1
CCCCN(CC)C(=O)SCCC,RB,1
CCC(C)=NO[Si](C)(ON=C(C)CC)ON=C(C)CC,NRB,0
CC(C)(O)CCCC1CCC(CC=1)C=O,RB,1
CCCCCCCCC(O)=O,RB,1
CCCCCCCCCCCCCCCCCC(=O)OCC(O)CO,RB,1
CCCCCCCCCc1cccc(O)c1CCCCCCCCC,NRB,0
CC(=O)CC(=O)Nc1ccc(C)cc1C,NRB,0
Cc1cc(C)c(N)cc1,NRB,0
CCCCCCCCCCCCCCCCCCCCCCCCCCCCCCCCCCC,RB,1
CC(C)CC(O)=O,RB,1
C=CCN1C(=O)N(CC=C)C(=O)N(CC=C)C1=O,NRB,0
Cc1ccccc1C(O)=O,RB,1
CC(N)=S,NRB,0
CC(C)c1ccc(N)cc1,NRB,0
CCOC(=O)C(S[P](=S)(OC)OC)c1ccccc1,NRB,0
Nc1ccc(Nc2ccccc2)cc1,NRB,0
Cc1ccc(c(c1)[N+](=O)[O-])[N+](=O)[O-],NRB,0
S=C1Nc2ccccc2N1,NRB,0
OS(=O)(=O)c1cc(ccc1Cl)[N+](=O)[O-],NRB,0
C1c2ccccc2-c2ccccc21,NRB,0
CC(Br)(CBr)COc1c(Br)cc(Br)cc1Br,NRB,0
Nc1nc(N)nc(N)n1,NRB,0
COc1ccc(cc1Cl)OC,NRB,0
COc1ccc(cc1)C(=O)CC(=O)OCC,RB,1
O=C1c2cc(Cl)ccc2C(=O)c2ccccc12,NRB,0
c1c([nH]c2ccccc21)-c1ccccc1,NRB,0
Cc1ccc(cc1[S](O)(=O)=O)[N+]([O-])=O,NRB,0
CN(c1ccc(cc1)C(c1ccc(cc1)N(C)C)c1ccc(cc1)N(C)C)C,NRB,0
NC(=N)N[N+](=O)[O-],NRB,0
CCCCCCCCCCCCCCCC(=O)N(CCO)CCO,RB,1
OC(=O)\C=C/C(=O)O,RB,1
CCC(C)OC(=O)CC(=O)C,RB,1
CCCCCCCCCCCCCCCCCCC1CO1,RB,1
CC(C)(C)c1c(c(C)c(c(C)c1[N+]([O-])=O)[N+]([O-])=O)[N+]([O-])=O,NRB,0
CC(O)C(C)O,RB,1
c1cccc[n]1,RB,1
CCOC(=O)c1ccc(NC(=O)CCl)cc1,RB,1
C\1C\C=C/CC\C=C1,NRB,0
S=C(SSSSC(=S)N1CCCCC1)N1CCCCC1,NRB,0
CC(C)OC(C)=O,RB,1
CC(C)CC(C)=O,RB,1
CCOCCOC(=O)Nc1cc(ccc1/N=N/c1ccc(cc1Cl)[N+](=O)[O-])N(CC)CC,NRB,0
Oc1ccc(C=CC(O)=O)cc1,RB,1
OC(=O)c1ccccc1O,RB,1
C=C[C@@](CC[C@H]1[C@](C)(O)CC[C@@H]2[C@]1(C)CCCC2(C)C)(O)C,NRB,0
NC(=N)[S](O)=O,RB,1
CC(C)OC(=O)OOC(C)(C)C,NRB,0
Nc1[n]c(N)[n]c(N)[n]1,NRB,0
CC(C)c1ccc2ccccc2c1C(C)C,NRB,0
CC(C)OC(Cl)=O,NRB,0
CCCCCCCCCCCCC,RB,1
CCCCCCCCCCN,RB,1
CC(C)(C)c1cc(C(=O)O)c(O)c(c1)C(C)(C)C,NRB,0
CCNCC,RB,1
[nH]1ccc2ccccc12,RB,1
Nc1cc(Cl)c(Cl)cc1,NRB,0
CCc1[n]c(NS(=O)(=O)c2ccc(N)cc2)[n]c(CC)[n]1,NRB,0
OC(=O)CCC(O)=O,RB,1
Cc1cc(Cl)ccc1OCC(O)=O,NRB,0
S=C1Nc2ccccc2S1,NRB,0
c1ccc2cccccc21,NRB,0
COc1ccc(cc1)C(c1ccc(cc1)OC)(c1ccccc1)OC[C@H]1O[C@H](C[C@@H]1O)n1ccc(nc1=O)NC(=O)c1ccccc1,NRB,0
CCCCOCCOCCOC(C)=O,RB,1
CCc1ccccc1-c1ccccc1CC,NRB,0
Nc1ccc(\C=C\c2ccc(N)cc2[S](O)(=O)=O)c(c1)[S](O)(=O)=O,NRB,0
CCCCOC(=O)CC(CC(=O)OCCCC)(OC(=O)C)C(=O)OCCCC,RB,1
OC1CCCCC1,RB,1
NC(Cc1ccccc1)C(=O)O,RB,1
Clc1c(Cl)c(C#N)c(Cl)c(C#N)c1Cl,NRB,0
C1N2CN3CN1CN(C2)C3,RB,1
CCCCCCCCCCCCO,RB,1
CC(C)CO,RB,1
OC(=O)c1cccc(c1C(=O)O)[N+](=O)[O-],NRB,0
Clc1c(Cl)c(Cl)c2ccccc2c1Cl,NRB,0
Cc1cc(Br)c(Br)c(OCC2CO2)c1,NRB,0
C1CC=CCCC=C1,NRB,0
CC(O)c1ccccc1,RB,1
CC(C)CN1CCOCC1,NRB,0
N#Cc1c(Cl)c(Cl)c(Cl)c(C#N)c1Cl,RB,1
COC(C)(C)CC(C)=O,NRB,0
N#Cc1c(C#N)c(Cl)c(Cl)c(Cl)c1Cl,NRB,0
CC(=O)Nc1ccc(cc1)S(O)(=O)=O,NRB,0
Nc1c(Br)cc(O)c2C(=O)c3ccccc3C(=O)c12,NRB,0
CCCCCCCCC=CCCCCCCCCC1CC(=O)OC1=O,NRB,0
C=CCOP(=O)(OCC=C)OCC=C,NRB,0
CCCCCCCCC=CCCCCCCCC(O)=O,RB,1
CCCCC(CC)COC(=O)CCCCCCCC(=O)OCC(CC)CCCC,RB,1
COCCOCCOC,NRB,0
CCCCCCCCCCCCc1ccccc1O,NRB,0
CCCCCCCC(=O)Oc1c(Br)cc(cc1Br)C#N,RB,1
CC1=NN(C(=O)C1)c2cc(Cl)c(cc2Cl)S(=O)(=O)O,NRB,0
CN(C)c1cc2C(=O)OC(c2cc1)(c1ccc(cc1)N(C)C)c1ccc(cc1)N(C)C,NRB,0
C[Si](O[Si](C)(C)C)(O[Si](C)(C)C)C,NRB,0
O=Cc1c(Cl)cccc1Cl,NRB,0
CC(C)(C)O,NRB,0
CC(C)(C)c1cc(c(O)c(c1)C(C)(C)C)n2nc3ccc(Cl)cc3n2,NRB,0
CN(C)c1cc(ccc1)C(O)=O,NRB,0
OC(=O)C(O)(c1ccccc1)c2ccccc2,NRB,0
CCc1ccc2C(=O)c3ccccc3C(=O)c2c1,NRB,0
CC(=O)N(C)c1ccccc1,NRB,0
Oc1ccccc1CO,NRB,0
O=C1CC(=O)NC(=O)N1,RB,1
CCC(C)c1cccc(C(C)CC)c1O,NRB,0
CC(C)(C)c1cc(cc(c1O)C(C)(C)C)-c1ccccc1,NRB,0
Oc1ccc(cc1)[N+](=O)[O-],NRB,0
CCCCCCCCCCCCCCCCOCCCCCCCCCCCCCCCC,NRB,0
CCCCCCCCC=CCCCCCCCC(=O)OC(COC(=O)CCCCCCCC=CCCCCCCCC)COC(=O)CCCCCCCC=CCCCCCCCC,RB,1
FC(F)(F)c1cccc(c1)C(F)(F)F,NRB,0
OCCC(F)(F)C(F)(F)C(F)(F)C(F)(F)C(F)(F)C(F)(F)C(F)(F)C(F)(F)F,NRB,0
CCOC(=O)\C=C\C(=O)OCC,RB,1
Cc1ccc(N=Nc2c(O)ccc3ccccc23)c(c1)[N+]([O-])=O,NRB,0
NCCNCCNCCN,NRB,0
CCCCN,RB,1
O=C1C2=C(SC(=C(S2)C#N)C#N)C(=O)c3ccccc13,NRB,0
ClC1=C(Cl)[C@@]2(Cl)[C@H]3[C@H]4C[C@H]([C@@H]5O[C@H]45)[C@H]3[C@]1(Cl)C2(Cl)Cl,NRB,0
CCCCCCCCCCCCCOC(=O)c1ccccc1C(=O)OCCCCCCCCCCCCC,NRB,0
COc1ccc(Nc2ccc(OC)cc2)cc1,NRB,0
[O-][N+](=O)C(Br)(CO)CO,NRB,0
FC(F)(Cl)C(F)(Cl)Cl,NRB,0
c1cccc2[n]cccc21,RB,1
CCCCOP(O)(=O)OCCCC,NRB,0
ClC(Cl)(Cl)C(Cl)(Cl)Cl,NRB,0
ClCCCCCl,NRB,0
Nc1ccccc1S(O)(=O)=O,NRB,0
CC(O)(P(O)(O)=O)P(O)(O)=O,RB,1
CCCC[Sn](OC(=O)c1ccccc1O)(CCCC)CCCC,NRB,0
CNCCS(=O)(=O)O,RB,1
Cc1ccc2c(c1)-c1c(O)cc(CCCCC)cc1OC2(C)C,RB,1
CCC(COP(=O)(Oc1ccccc1)Oc1ccccc1)CCCC,NRB,0
CCCCCCCCCCCCCCCC[N+](C)(C)C,NRB,0
CCCCCc1cc2c(cc1)C(=O)c1ccccc1C2=O,NRB,0
COP(=S)(Oc1ccc(cc1)C#N)OC,NRB,0
COC(=O)\C=C\C(=O)OC,RB,1
CC(=O)c1ccc(N)cc1,NRB,0
CCOC(=O)CC(S[P](=S)(OC)OC)C(=O)OCC,NRB,0
CN(C(C)=O)c1ccccc1,NRB,0
O=C1NSc2ccccc21,NRB,0
CC(=O)CCN(CC1(C)CCCC2(C1CCc1c2ccc(c1)C(C)C)C)CCC(=O)c1ccccc1,NRB,0
CC(C)c1ccc(C=O)cc1,RB,1
CCCCCCCCC=CCCCCCCCCO,RB,1
Cc1cc(c(O)c(c1)C(C)(C)C)n2nc3ccc(Cl)cc3n2,NRB,0
COC(C)CCOC(=O)C,RB,1
Clc1ccc(Cl)c(Cl)c1Cl,NRB,0
CC(C)COc1ccc2ccccc2c1,NRB,0
CC(C)(c1cc(Br)c(OCCO)c(Br)c1)c1cc(Br)c(OCCO)c(Br)c1,NRB,0
OC(=O)c1cccc(c1)[N+]([O-])=O,NRB,0
CC(=O)CC(=O)Nc1cc(OC)c(Cl)cc1OC,NRB,0
ClC1(Cl)C2(Cl)C3C4CC(C=C4)C3C1(Cl)C(Cl)=C2Cl,NRB,0
O=S1(=O)CCCO1,RB,1
C=Cc1cccc(C=C)c1,NRB,0
Nc1cc(ccc1)C(O)=O,NRB,0
CCCC(C)O,RB,1
CC(C)C1CCCc2ccccc21,NRB,0
CCCCCCCCc1cccc(Nc2cccc(CCCCCCCC)c2)c1,NRB,0
C(C1CO1)N(CC2CO2)c3ccccc3,NRB,0
N#CCCNCCC#N,NRB,0
CNCC[S](O)(=O)=O,RB,1
OC(=O)CCSCCC(=O)O,RB,1
Clc1c(Cl)cccc1Cl,NRB,0
CC(=CC1C(C(=O)OCc2coc(Cc3ccccc3)c2)C1(C)C)C,NRB,0
Cc1ccc(O)c(c1)n2n3n2c4ccccc34,NRB,0
CC(C)(c1cc(Br)c(O)c(Br)c1)c2cc(Br)c(O)c(Br)c2,NRB,0
CCCCCCCC[Sn](CCCCCCCC)(CCCCCCCC)CCCCCCCC,NRB,0
C1CCCC=C1,NRB,0
CO,RB,1
CC#CC,NRB,0
c1cc2ccccc2c2ccccc21,RB,1
CCCCCCCCNCCCCCCCC,RB,1
Nc1ccccc1C(=O)O,RB,1
O=C1CCCCC1,RB,1
CC(C)c1ccc(cc1)C(=O)O,RB,1
OCCN(S(=O)(=O)C(C(C(C(C(C(F)(F)F)(F)F)(F)F)(F)F)(F)F)(F)F)CC,NRB,0
CCC\C=C(/CC)\C=O,RB,1
CCOC(C)=O,RB,1
N#CCCN(c1ccc(c(c1)C)/N=N/c1ccc(cc1Cl)[N+](=O)[O-])CCOC(=O)C,NRB,0
COC(=O)c1cc(ccc1)C(=O)OC,RB,1
O=C=Nc1ccc(Cc2ccc(cc2)N=C=O)cc1,NRB,0
Nc1cccc(c1)[S](=O)(=O)c2cccc(N)c2,NRB,0
CC(=C)C(=O)N,NRB,0
CC(=O)N[C@H]1[C@@H](O)OC(CO)[C@@H](O)[C@@H]1O,RB,1
CC(C)(C)c1cccc(O)c1,NRB,0
CC1OC(C)OC(C)OC(C)O1,NRB,0
CCCN(CCC)c1c(cc(cc1[N+](=O)[O-])C(F)(F)F)[N+](=O)[O-],NRB,0
O=C(OOC(=O)c1ccc(Cl)cc1Cl)c1ccc(Cl)cc1Cl,NRB,0
OCCNCCNc2ccc(NCCNCCO)c3C(=O)c1c(O)ccc(O)c1C(=O)c23,NRB,0
CC(C)Nc1ccc(Nc2ccccc2)cc1,NRB,0
CCCCCCCCC=CCCCCCCCC(=O)OCCS(O)(=O)=O,RB,1
CC(C)(C)c1cc(N=Nc2ccccc2[N+](=O)[O-])c(O)c(c1)C(C)(C)C,NRB,0
N#Cc1cc(cc(c1/N=N/c1ccc(cc1NC(=O)C)N(CC)CC)I)[N+](=O)[O-],NRB,0
Cc1ccc(N)c(c1)[S](O)(=O)=O,NRB,0
BrC(Br)c1ccccc1OCC2CO2,NRB,0
Nc1ccc(cc1C#N)[N+]([O-])=O,NRB,0
OC(=O)c1cccc(n1)C(=O)O,RB,1
CC(C)(C)NCCO,NRB,0
CC(CC)c1cccc(C(C)CC)c1O,NRB,0
C1CCC(CC1)NC2CCCCC2,RB,1
CC1CC(CC2CC(C)C(N)CC2)CCC1N,NRB,0
OCCNCO,RB,1
OC(=O)CCCCC(O)=O,RB,1
CC(O)CC(C)O,RB,1
Nc1[n]cc(C=O)[s]1,RB,1
OC(=O)c1ccc(O)cc1,RB,1
OC(=O)CCCCCCCCCCCCCCC(O)=O,RB,1
CCCCCCCCCCCC(=O)O[Sn](CCCC)(CCCC)OC(=O)CCCCCCCCCCC,NRB,0
CC(C)Nc1ccc(NC(C)C)c2c1C(=O)c1ccccc1C2=O,NRB,0
CC(C)CCOC(=O)c1ccccc1O,RB,1
CCCCCCCCC=CCCCCCCCC(=O)OC,RB,1
CCCCSP(=O)(SCCCC)SCCCC,RB,1
Nc1ccc(Cl)cc1C(O)=O,NRB,0
OCCS,NRB,0
O=C1OCc2ccccc21,RB,1
CCOC(=O)CC(=O)c1ccc(OC)cc1,RB,1
CC(=O)CC(=O)Nc1ccc(cc1C)c2ccc(NC(=O)CC(=O)C)c(C)c2,NRB,0
Nc1cccc(N)[n]1,NRB,0
CC(C)CCOCCC(C)C,NRB,0
CC(=O)Oc1ccc[n]c1,RB,1
C(OCCCCOCC1CO1)C1CO1,NRB,0
Brc1ccc(c(Br)c1Br)c2ccc(Br)c(Br)c2Br,NRB,0
Nc1ccc(cc1[N+]([O-])=O)[N+]([O-])=O,NRB,0
CCc1ccc(cc1)c2cccc(CC)c2,NRB,0
CN(C)C(=O)Nc1cc(o[n]1)C(C)(C)C,RB,1
[O-][N+](=O)C(Cl)(Cl)Cl,NRB,0
NC(=O)N=NC(N)=O,NRB,0
N[S](=O)(=O)c1ccccc1,NRB,0
NC=O,RB,1
CC(O)(CCO)CCO,NRB,0
Oc1ccc(cc1)C2(CCCCC2)c3ccc(O)cc3,NRB,0
CCC(C)OC(=O)CC(C)=O,RB,1
COC(=O)OCCN(c1ccc(c(c1)C)/N=N/c1c(Cl)cc(cc1Cl)[N+](=O)[O-])CCOC(=O)OC,NRB,0
ClC1=C(Cl)[C@@]2(Cl)[C@H]3[C@@H]4C[C@@H]([C@H]5O[C@@H]45)[C@H]3[C@]1(Cl)C2(Cl)Cl,NRB,0
Cc1cc(Cl)ccc1O,NRB,0
Cc1ccccc1C(C)C,NRB,0
CC(C)Nc1[n]c(Cl)[n]c(NC(C)C)[n]1,NRB,0
CCCCCN1C(=O)c2cc(ccc2C1=O)[N+]([O-])=O,RB,1
OC(=O)[C@@H]1CC=CC[C@@H]1C(=O)O,NRB,0
CC(C)c1ccc2c(ccc(c2c1)S(=O)(=O)O)C(C)C,NRB,0
CC(C)=CCCC(=C)C=C,RB,1
ClCC(Cl)C=C,NRB,0
CC(O)COC(=O)C(=C)C,RB,1
CCCCCN,RB,1
CCCCCCCCCCCCCCCCCCCCCCCCCCCCCCCC,RB,1
C1CNCCN1,NRB,0
CCCCCCCCCCCC[N+](C)(C)CC(O)=O,RB,1
CC(=O)CC(C)(C)O,RB,1
O=C(ON=C1C=CC(C=C1)=NOC(=O)c1ccccc1)c1ccccc1,NRB,0
Clc1ccc2C(=O)OC(=O)c3ccc(Cl)c1c23,NRB,0
C1CCN2CCCN=C2CC1,NRB,0
COc1cccc(c1)N(=O)=O,NRB,0
OCC(=O)O,RB,1
CC(C)(C)NSc1nc2ccccc2s1,NRB,0
OC(=O)c1ccc(cc1)[N+](=O)[O-],RB,1
C(Cc1ccccc1)c1ccccc1,RB,1
CCCCC(COC(=O)c1ccc(cc1C(=O)OCC(CCCC)CC)C(=O)OCC(CCCC)CC)CC,NRB,0
S=C1NCCN1,NRB,0
O=C1OCCO1,RB,1
CCN(CC)CCOC(=O)C(C)=C,RB,1
N#CCCN(c1ccc(cc1)/N=N/c1c(Br)cc(cc1Br)[N+](=O)[O-])CC,NRB,0
Clc1cccc(Cl)c1C=O,NRB,0
CC(C)CC(=O)C,RB,1
c1ccc(cc1)c2ccc(cc2)c3ccccc3,NRB,0
NC(N)=NC#N,NRB,0
Cl[Si](c1ccccc1)(c2ccccc2)c3ccccc3,NRB,0
Cc1cccc(c1)[N+]([O-])=O,NRB,0
C=CCc1ccccc1O,RB,1
CCCCCCCCC=CCCCCCCCC(=O)N,NRB,0
OC(=O)c1ccc2ccccc2n1,RB,1
OC(=O)CC(O)(CC(=O)O)C(=O)O,RB,1
COP(=O)(OC)OC(=CCl)c1cc(Cl)c(Cl)cc1Cl,NRB,0
BrC1CCC(Br)C(Br)CCC(Br)C(Br)CCC1Br,NRB,0
c1cc(ccc1-c1ccccc1)-c1ccccc1,NRB,0
CCCCN(c1ccc(c(c1)C)C=C(C#N)C#N)CCOC(=O)Nc1ccc(c(c1)Cl)Cl,NRB,0
C=Cc1cc(ccc1)[N+]([O-])=O,NRB,0
Cc1cc(ccc1)Oc1ccccc1,NRB,0
CC(=C)C(=O)OCC(CCCC)CC,RB,1
CC(C)=CCC\C(C)=C/C=O,RB,1
COc1cc(ccc1)C(O)=O,RB,1
O=C(OCc1ccccc1)c1ccccc1,RB,1
CC(=O)CC(=O)Nc1ccccc1,RB,1
Oc1c[n]ccc1,RB,1
Brc1c(Br)c(Br)c(Br)c(Br)c1Br,NRB,0
Nc1cc(N)ccc1,NRB,0
COc1cccc(O)c1,RB,1
Oc1ccc(I)cc1,NRB,0
CCCCOCCOCCOC(=O)C,RB,1
O=C1CCCCCN1,RB,1
CCCCCCCCCCCCOP(O)(O)=O,RB,1
Oc1c(Cl)cc(Cl)c(Cl)c1Cl,NRB,0
CC(C)=C1CCC(=CC1)C,RB,1
N1(C)C(=O)N(C)C2=C(C1=O)NC=N2,RB,1
O=C1c2ccccc2C(=O)c2ccccc12,RB,1
CSc1ccc(O)cc1C,NRB,0
Cc1ccc(Cl)cc1Cl,NRB,0
Nc1ccc(c2ccccc12)S(=O)(=O)O,NRB,0
ClCc1ccc(Cl)cc1,NRB,0
CC(=O)OCCN(CCOC(C)=O)c1ccc(N=Nc2sc3cc(Cl)ccc3n2)c(NC(=O)c4ccccc4)c1,NRB,0
CC(C)(C)NC(=O)C2CC1CCCCC1CN2CC(O)C(Cc3ccccc3)NC(=O)C(CC(N)=O)NC(=O)c5ccc4ccccc4n5,NRB,0
s1cccc1,NRB,0
COC(=O)c1ccc2cc(ccc2c1)C(=O)OC,NRB,0
CCOCCOC(C)=O,RB,1
CCN(c1ccc(c(c1)NC(=O)C)/N=N/c1c(Br)cc(cc1[N+](=O)[O-])[N+](=O)[O-])CC,NRB,0
OC[C@@H](O)[C@@H](O)[C@H](O)[C@@H](O)CO,RB,1
Oc1cc(ccc1O)C(O)=O,RB,1
CCCCN[S](=O)(=O)c1ccccc1,NRB,0
Oc1ccc(cc1Cl)C(O)=O,NRB,0
C=Cc1ccncc1,NRB,0
C[N+](C)(C)CCOP(=O)([O-])OP(=O)(O)OCC1OC(C(O)C1O)N2C=CC(=NC2=O)N,RB,1
OCCN(S(=O)(=O)C(C(C(C(C(C(F)(F)F)(F)F)(F)F)(F)F)(F)F)(F)F)C,NRB,0
NCC(O)=O,RB,1
CCCC[Sn](CCCC)(CCCC)Cl,NRB,0
Cc1ccc2nc3SC(=O)Sc3nc2c1,NRB,0
BrC=Cc1ccccc1,NRB,0
ClC(Cl)(Cl)C(Cl)COCC(Cl)C(Cl)(Cl)Cl,NRB,0
CNN,NRB,0
NCCC(O)=O,RB,1
CCCCOC(=O)c1ccccc1C(=O)OCc2ccccc2,RB,1
COc1cc(ccc1O)C(=O)O,RB,1
Cc1ccnc(C)c1,RB,1
N#Cc1cc(I)c(O)c(I)c1,NRB,0
C1CC=CCCC=CCCC=C1,NRB,0
OCC=C,RB,1
[O-][N+](=O)c1cc(Cl)ccc1O,NRB,0
OCCN1CN(CN(C1)CCO)CCO,RB,1
COCCOC(C)=O,RB,1
CC(C)COc1cc2ccccc2cc1,NRB,0
CC(=O)NC1C(O)OC(CO)C(O)C1O,RB,1
CC(C)=CCCC(C)(O)C=C,RB,1
Cc1cc(cc(C)c1OCC2CO2)c3cc(C)c(OCC4CO4)c(C)c3,NRB,0
CC(C)O[Ti](OC(C)C)(OC(C)C)OC(C)C,RB,1
COc1cc(c(N)cc1)[N+]([O-])=O,NRB,0
Nc1ccccc1Cl,NRB,0
O=C1c2cccc(Cl)c2C(=O)c2ccccc12,NRB,0
CCCCc1ccc2ccc(cc2c1)S(=O)(=O)O,NRB,0
CC(=C)c1ccccc1,NRB,0
CC(C)=O,RB,1
Clc1ccccc1C#N,NRB,0
Nc1ccccc1[N+]([O-])=O,NRB,0
ClC(Br)Br,NRB,0
CCOS(=O)(=O)OCC,RB,1
CCC(C)c1ccc(OCC2CO2)cc1,NRB,0
C1CCC(CC1)N=C=NC2CCCCC2,NRB,0
CN(CCO)CCO,NRB,0
CCCCC(CO)CC,RB,1
Clc1cccc[n]1,NRB,0
Oc1ccccc1C(O)=O,RB,1
C1CN(CCO1)SSN2CCOCC2,NRB,0
CC(C)(c1ccccc1)c2ccc(O)cc2,NRB,0
CCCCCCCCCCCC(CC1OC(=O)C1CCCCCC)OC(=O)C(CC(C)C)NC=O,NRB,0
CCCC[Sn](=O)CCCC,NRB,0
O=C1c2ccccc2C(=O)N1SC(F)(Cl)Cl,NRB,0
CCC9(O)CC3CN(CCc1c([nH]c2ccccc12)C(C3)(C(=O)OC)c4cc5c(cc4OC)N(C=O)C6C(O)(C(OC(C)=O)C7(CC)C=CCN8CCC56C78)C(=O)OC)C9,NRB,0
ClC(Cl)=C(Cl)C(Cl)=C(Cl)Cl,NRB,0
N[C@@H](CCC(=O)O)C(=O)O,RB,1
c1ccccc1-c1ccccc1,RB,1
Cc1cccc(C)c1N,NRB,0
Clc1cc2S/C(=C/3\Sc4c(C3=O)c(C)c(cc4Cl)Cl)/C(=O)c2c(c1)C,NRB,0
CC(C)(c1ccc(cc1)Nc1ccc(cc1)C(C)(C)c1ccccc1)c1ccccc1,NRB,0
Nc1ccc(Cl)cc1[N+](=O)[O-],NRB,0
CC(=O)Nc1ccccc1O,RB,1
COC(C)CCOC(C)=O,RB,1
OCC(O)=O,RB,1
CCCCCCCCCCCCCCCCCCCCCCCCCCCCCCCCCCCCCCCCCCCC,RB,1
FC(F)(F)c1cc(Cl)ccc1N(=O)=O,NRB,0
CCCCCCCCCCCCCCCCCC(=O)N(CCO)CCO,RB,1
CCCCOC(=O)CCCCCCCC=CCCCCCCCC,RB,1
Clc1cc(Cl)c2c(c1)c(=O)n1c(n2)c(c([nH]1)C)N=Nc1cccc2c1C(=O)c1ccccc1C2=O,NRB,0
CCOP(=S)(Oc1ccc(Cl)cc1Cl)c1ccccc1,NRB,0
[O-][N+](=O)c1c(Cl)c(Cl)c(Cl)c(Cl)c1Cl,NRB,0
NC(=N)NCCCC(N)C(O)=O,RB,1
Nc1[n]c[nH][n]1,NRB,0
Oc1cccc2cccnc12,NRB,0
COC(=O)Nc1nc2ccccc2[nH]1,NRB,0
CC(C)(OO)c1ccccc1,NRB,0
CC(C)(C)c1cc2c(cc1)C(=O)c1ccccc1C2=O,NRB,0
Cc1ccsc1,NRB,0
CC(C)(NNC(C)(C)C#N)C#N,NRB,0
Oc1c(Cc2c(Cl)c(Cl)cc(Cl)c2O)c(Cl)c(Cl)cc1Cl,NRB,0
Cc1ccccc1NC(N)=Nc2ccccc2C,NRB,0
CCCCCC[Si](Cl)(CCCCCC)CCCCCC,NRB,0
Oc1c(Br)cc(cc1Br)C1(OS(=O)(=O)c2c1cccc2)c1cc(Br)c(c(c1)Br)O,NRB,0
Nc1c(Cl)c([n]c(Cl)c1Cl)C(O)=O,NRB,0
OC1=CC=CNC1=O,NRB,0
CCCCC(CO)(CO)CC,NRB,0
COC(=O)c1ccccc1C(=O)OC,RB,1
CC(=O)C=C,NRB,0
ClCc1ccccc1Cl,NRB,0
CCCCCCCCCCCCOP(=O)(O)O,RB,1
CC(=O)OCCN(c1ccc(cc1)N=Nc1c(Br)cc(cc1Br)[N+](=O)[O-])CCOC(=O)C,NRB,0
CC(=O)C(N=Nc1ccc(cc1Cl)c2ccc(N=NC(C(C)=O)C(=O)Nc3ccccc3)c(Cl)c2)C(=O)Nc4ccccc4,NRB,0
CN(c1ccc(c2c1cccc2)C(c1ccc(cc1)N(C)C)(c1ccc(cc1)N(C)C)O)c1ccccc1,NRB,0
CCCN(c1ccc(c(c1)NC(=O)C)/N=N/c1c(C#N)cc(cc1C#N)[N+](=O)[O-])CCC,NRB,0
CC(=O)C=Cc1ccccc1,NRB,0
CCCCCCCCCCCCCCCCCCCCCCCCC,RB,1
[nH]1ccnc1,RB,1
N#CSCSc1nc2ccccc2s1,NRB,0
Oc1ccccc1F,NRB,0
CC(C)c1ccc(C)cc1O,NRB,0
CCCCCCCCCCCCCCCCCCNC(=O)[C@H](O)[C@@H](O)[C@H](O)[C@H](O)CO,NRB,0
CC1(C)C(C1C=C(Cl)Cl)C(=O)OCc1cccc(c1)Oc1ccccc1,NRB,0
Oc1ccc(c2c1C(=O)c1c(C2=O)cccc1)Nc1ccc(cc1)OS(=O)(=O)C,NRB,0
Oc1ccc(Nc2ccccc2)c3C(=O)c4c(C(=O)c13)c(O)ccc4[N+](=O)[O-],NRB,0
NCc1ccccc1,RB,1
Oc1c(cc(cc1[N+]([O-])=O)[N+]([O-])=O)[N+]([O-])=O,NRB,0
Nc1[n]cc[s]1,NRB,0
CCCCCCCCCCCCCCCCCCCCCCOC(=O)CCCCCCCCCCCCCCCCCCCCC,RB,1
ClC=CCl,NRB,0
CC(=O)CC(=O)Nc1ccc(cc1C)-c1cc(C)c(cc1)NC(=O)CC(C)=O,NRB,0
Brc1cc(Oc2ccc(Br)c(Br)c2Br)c(Br)c(Br)c1,NRB,0
CC1(C)C2CC(CC2)C1=C,NRB,0
O=C1NCC(=O)N1,RB,1
CCNC(C)=O,RB,1
O=C1NC(=O)c2c1c(Cl)c(Cl)c(Cl)c2Cl,NRB,0
CCN,RB,1
CC(C)(c1cc(Br)c(OCC(Br)CBr)c(Br)c1)c1cc(Br)c(OCC(Br)CBr)c(Br)c1,NRB,0
OC(C(O)CO)C(O)CO,RB,1
CCCCC(CC)CN1C(=O)C2C(C1=O)C3(CCC2(C)C=C3)C(C)C,NRB,0
CCCCCCCCC=O,NRB,0
CCC1OC(=O)C(C)C(OC2CC(C)(OC)C(O)C(C)O2)C(C)C(OC2OC(C)CC(N(C)C)C2O)C(C)(O)CC(C)C(=O)C(C)C(O)C1(C)O,NRB,0
[O-][N+](=O)c1ccccc1[N+]([O-])=O,NRB,0
Cl[C@@H]1C[C@H]2[C@@H]([C@H]1Cl)[C@]3(Cl)C(=C(Cl)[C@]2(Cl)C3(Cl)Cl)Cl,NRB,0
ClCCOP(=O)(OCCCl)OCCCl,NRB,0
OCCC(C(C(C(C(C(C(C(C(C(C(C(C(C(C(C(F)(F)F)(F)F)(F)F)(F)F)(F)F)(F)F)(F)F)(F)F)(F)F)(F)F)(F)F)(F)F)(F)F)(F)F)(F)F)(F)F,NRB,0
CP(O)(=O)CCC(N)C(O)=O,RB,1
CC(=O)OCCN(CCOC(C)=O)c1cc(NC(=O)c2ccccc2)c(cc1)N=Nc1[n]c2ccc(Cl)cc2[s]1,NRB,0
OCC=CCO,NRB,0
CCCCCCC(=O)OCCN1CCN(CC1)CCCN1c2ccccc2Sc2c1cc(cc2)C(F)(F)F,NRB,0
CC(C)(C)c1ccc(cc1)C(=O)O,NRB,0
Oc1c(cccc1C2CCCCC2)C3CCCCC3,NRB,0
CCCCCCCCCCCCCCCCCCCCCCCCCCO,RB,1
CCOC(=O)c1ccc(cc1)NC(=O)CCl,RB,1
OC(=O)\C=C/C(O)=O,RB,1
Nc1cccc(c1)[N+]([O-])=O,NRB,0
BrCC(=O)OCCOC(=O)CBr,NRB,0
[O-][N+](=O)c1ccc(cc1)[N+]([O-])=O,NRB,0
CC(=O)c1ccc(O)cc1,RB,1
OCCN1CCOCC1,RB,1
CC(=O)NC1C(O)C(O)C(CO)OC1O,RB,1
OC(=O)c1ccccc1C(O)=O,RB,1
C1CCNCC1,RB,1
CCOc1ccccc1NC(=O)c1cc2ccccc2c(c1O)N=Nc1ccccc1[N+](=O)[O-],NRB,0
CC(C)(c1ccc(O)cc1)c2ccc(O)cc2,NRB,0
CCCCCCCCCCCC(=O)NCCC[N+](C)(C)CC(=O)[O-],RB,1
c1ccc2ncccc2c1,NRB,0
CCCCC\C=C/C/C=C\CCCCCCCC(O)=O,RB,1
CC1CC(C)(C)CC(C1)(OOC(C)(C)C)OOC(C)(C)C,NRB,0
CC(=O)c1ccccc1,RB,1
N#CCCN(c1ccc(cc1)/N=N/c1sc2c(n1)cc(c(c2)Cl)Cl)C,NRB,0
CC(=O)N(C)C,RB,1
CCl,NRB,0
CCOC(=O)c1ccc2c(c1)C(OC2=O)(c1ccc(cc1OCC)N(CC)CC)c1c2ccccc2n(c1C)CC,NRB,0
Nc1cccc(Cl)c1,NRB,0
O=C1NC(=O)CC(=O)N1,RB,1
CC(C)(C)c1ccc(cc1)C(O)=O,NRB,0
CCCCC(CC)COC(=O)C(=C)C,RB,1
CNC(C)C(O)c1ccccc1,NRB,0
CCc1cccc(O)c1,RB,1
Cc1cc(c(N)cc1Cl)S(=O)(=O)O,NRB,0
COC(=O)CC(C)=O,RB,1
CCC(=O)O,RB,1
C=O,RB,1
CCCOC(=O)c1ccc(nc1)C(=O)OCCC,NRB,0
Cc1cccc(c1)C(C)C,NRB,0
COc1cc(ccc1/N=N/c1ccc(cc1)O)/N=N/c1ccc(cc1)[N+](=O)[O-],NRB,0
CC1OCCSC=1C(=O)Nc1ccccc1,RB,1
BrCCBr,NRB,0
CCNc1ccc(C)cc1,NRB,0
Nc1cccc2cccc(c21)S(O)(=O)=O,NRB,0
O=C(OCCN(CCC#N)c1ccc(cc1)N=Nc2ccc(cc2)N(=O)=O)c3ccccc3,NRB,0
Nc1cccc2c1cccc2N,NRB,0
Clc1ccc(C(=O)OOC(=O)c2ccc(Cl)cc2Cl)c(Cl)c1,NRB,0
C\C=C\C\C=C\C\C=C\CC=C,NRB,0
Cc1[nH]cc[n]1,NRB,0
Nc1ccc(cc1)Oc1ccc(N)cc1,NRB,0
Cc1ccccc1S(N)(=O)=O,NRB,0
Cc1cc(C)c(N)c(Cl)c1,NRB,0
C=CCCCCO,RB,1
CCCC[Sn](OC(=O)C=CC(=O)O)(CCCC)CCCC,NRB,0
CC(C)OC(=O)Nc1cccc(Cl)c1,RB,1
COc1ccccc1O,RB,1
OCCN(S(=O)(=O)C(C(C(C(C(C(C(F)(F)F)(F)F)(F)F)(F)F)(F)F)(F)F)(F)F)C,NRB,0
CC(=C)C(=O)OCCCC,RB,1
COC(C)=O,RB,1
CC(C)(C)c1cc(Sc2cc(c(O)cc2C)C(C)(C)C)c(C)cc1O,NRB,0
OC(=O)CC#N,RB,1
COP(=O)(NC(=O)C)SC,RB,1
OC(=O)c1ccc2cc(ccc2c1)C(=O)O,NRB,0
Oc1ccc2cc(cc(c2c1N=Nc1ccc(c2ccccc12)S(O)(=O)=O)S(O)(=O)=O)S(O)(=O)=O,NRB,0
COc1cc(NS(=O)(=O)c2ccc(cc2)C)c2c(c1N)C(=O)c1c(C2=O)cccc1,NRB,0
s1cnc2ccccc12,NRB,0
OCCN(S(=O)(=O)C(C(C(C(C(C(C(F)(F)F)(F)F)(F)F)(F)F)(F)F)(F)F)(F)F)CC,NRB,0
NCCCCCCCCN,RB,1
C[S](O)(=O)=O,RB,1
N#Cc1ccccc1,RB,1
C(c1ccccc1)c2ccccc2,NRB,0
ClCCO[P](=O)(OCCCl)OCCCl,NRB,0
COc1cccc2ccccc12,NRB,0
COc1c(N)cccc1[N+]([O-])=O,NRB,0
C=CC(=O)OCCO,RB,1
C(c1ccc(cc1)N(CC1CO1)CC1CO1)c1ccc(cc1)N(CC1CO1)CC1CO1,NRB,0
Nc1cccnc1N,NRB,0
CC(=C)C(=O)OC,RB,1
CCCCCCCCCCCCOC(=O)CCSCCC(=O)OCCCCCCCCCCCC,RB,1
O=C1NC=CC=C1,RB,1
Cl[C@@H]1[C@H](Cl)[C@@H](Cl)[C@@H]([C@@H]([C@H]1Cl)Cl)Cl,NRB,0
Oc1c(Br)c2ccccc2nc1C3C(=O)c4ccccc4C3=O,NRB,0
Cc1cccc(c1C)[N+]([O-])=O,NRB,0
CC(O)CN(CC(C)O)CC(C)O,NRB,0
CN(C)N=O,NRB,0
CC(C)(C)c1cc(CCC(=O)OCC(COC(=O)CCc2cc(c(O)c(c2)C(C)(C)C)C(C)(C)C)(COC(=O)CCc3cc(c(O)c(c3)C(C)(C)C)C(C)(C)C)COC(=O)CCc4cc(c(O)c(c4)C(C)(C)C)C(C)(C)C)cc(c1O)C(C)(C)C,NRB,0
CC(C)(c1ccc(cc1)OCCO)c1ccc(cc1)OCCO,NRB,0
Cc1cc(n2nc3ccc(Cl)cc3n2)c(O)c(c1)C(C)(C)C,NRB,0
CC(C)c1ccc(OP(=O)(Oc2ccc(cc2)C(C)C)Oc3ccc(cc3)C(C)C)cc1,NRB,0
C\C(=C\1/C(=O)OC(=CC1=O)C)\O,RB,1
Cc1ccc(cc1)C(C)C,RB,1
OCC#C,RB,1
CCCCCCCCCCCC,RB,1
CN=C=S,NRB,0
NCCNCCNCCNCCNCCN,NRB,0
c1ccc2c3c(cccc31)-c1ccccc1-2,NRB,0
Cc1ccc(O)c(c1)C(C)(C)C,NRB,0
O=Cc1ccc(cc1)C=O,RB,1
Clc1ccccc1NNc1ccccc1Cl,NRB,0
Nc1c(Cl)cc(cc1Cl)[N+](=O)[O-],NRB,0
CCCCCCCCCl,RB,1
N#Cc1cc(Br)c(O)c(Br)c1,RB,1
Clc1cc(ccc1/N=N/c1c(O)ccc2c1cccc2)N(=O)=O,NRB,0
CC(O)=O,RB,1
[O-][N+](=O)c1cc(Cl)cc(Cl)c1O,NRB,0
NCCNCc1ccccc1,NRB,0
O=NN(c1ccccc1)c2ccccc2,NRB,0
ClCc1cc(Cl)c(Cl)cc1,NRB,0
CCCCCC(=O)O,RB,1
COC(=O)c1cccc(c1)C(=O)OC,RB,1
CCCCN(c1ccc(c(c1)C)/N=N/c1c(Br)cc(cc1C#N)[N+](=O)[O-])CCOC(=O)C,NRB,0
CC(=O)OC(OC(=O)C)C=C,RB,1
CCCCCCCCCCCCCCCCCC(=O)NCCNC(=O)CCCCCCCCCCCCCCCCC,NRB,0
Oc1ccc(cc1)N=Nc1ccc(c2c1cccc2)N=Nc1ccccc1,NRB,0
OC(=O)C1C(C(O)=O)C2(Cl)C(Cl)=C(Cl)C1(Cl)C2(Cl)Cl,NRB,0
[O-][N+](=O)c1ccc(CCl)cc1,NRB,0
CCCCCCCCCCCCCCCC(=O)N,NRB,0
N#CC(=Cc1ccc2c(c1)C(C)CC(N2CCOC(=O)Nc1ccccc1)(C)C)C#N,NRB,0
c1ccc2scnc2c1,NRB,0
OC(=O)c1cc(cc(c1)N(=O)=O)N(=O)=O,NRB,0
O=CCCCC=O,NRB,0
ClCS(=O)(=O)Nc1cc(Cl)c(Cl)c(Cl)c1Oc2cccc(Cl)c2,NRB,0
CC(=O)CC(=O)Nc1ccc(cc1C)c2ccc(NC(=O)CC(C)=O)c(C)c2,NRB,0
CCCCCCCC(=O)OC,NRB,0
CCCCCCCCCCC(O)=O,RB,1
C[Si](O[Si](C)(C)C)(C)C,NRB,0
CN(C)CCn1nnnc1SCC2=C(N4C(SC2)C(NC(=O)Cc3csc(N)n3)C4=O)C(O)=O,NRB,0
OC(CC(O)=O)C(O)=O,RB,1
[O-][N+](=O)c1c(Cl)cc(Cl)cc1Cl,NRB,0
Cc1ccc(C)c(C)c1,NRB,0
CCCCCCCCC(=O)O,RB,1
COC(=O)CCCC(=O)OC,RB,1
[O-][N+](=O)c1ccc(cc1)Oc1ccc(Cl)cc1Cl,NRB,0
Cc1ccc(cc1)NCC,NRB,0
N(c1ccccc1)c2cccc3ccccc23,NRB,0
Cc1ccc(N)cc1C,NRB,0
CC(C)c1cccc(C(C)C)c1O,NRB,0
COc1ccccc1/N=N/c1c(O)ccc2c1cccc2,NRB,0
Oc1ccc2c(c1N=Nc1cccc3c1cccc3)cccc2,NRB,0
CCCCC(C)O,NRB,0
CCN(CC)C(=O)CSc1ccc(Cl)[n][n]1,NRB,0
CNC(=O)Oc1ccccc1C(C)C,NRB,0
CCCCC1CCC(CC1)C(=O)OC1CCC(CCCC)CC1,RB,1
CCCCCCCCO,RB,1
Oc1ccc(Cl)cc1Cc1cc(Cl)ccc1O,NRB,0
COC(=O)c1c(Cl)c(Cl)c(c(Cl)c1Cl)C(=O)OC,NRB,0
CC=C(C(=O)OC)C(=O)OC,RB,1
C1CCCO1,RB,1
CCCC[Sn](CCCC)(CCCC)OC(=O)C(Br)C(Br)C(=O)O[Sn](CCCC)(CCCC)CCCC,NRB,0
O=C1C=CNC=C1,RB,1
OC(=O)c1cccc(c1)S(=O)(=O)O,NRB,0
Nc1cccc(O)c1,NRB,0
[nH]1nc2ccccc2n1,NRB,0
CC(C)OCCO,NRB,0
CCCCCCCCCCCCCCCC(=O)OCC(O)C1OCC(O)C1O,RB,1
OCc1ccccc1,RB,1
CC(=O)C1CCOC1=O,RB,1
OS(=O)(=O)c1cccc2c1C(=O)c1ccccc1C2=O,NRB,0
OCCOC(=O)C=C,RB,1
OCCN1c2cc(C)c(cc2C(CC1(C)C)C)/N=N/c1c(Cl)cc(cc1[N+](=O)[O-])[N+](=O)[O-],NRB,0
CCCCCCCCCCCC(=O)Oc1c(Cl)c(Cl)c(Cl)c(Cl)c1Cl,NRB,0
Clc1cccc2C3=NC4=NC(=Nc5n6[Cu]N3C(=NC7=NC(=Nc6c8ccccc58)c9ccccc79)c12)c%10ccccc4%10,NRB,0
CCCCCl,NRB,0
N(c1ccccc1)c2ccc3ccccc3c2,NRB,0
CC(C)CCCCCCCO,RB,1
c1ccc2ccccc2c1,NRB,0
Oc1c(Br)cc2c(c1Br)Oc1c(C32OC(=O)c2c3c(Cl)c(Cl)c(c2Cl)Cl)cc(c(c1Br)O)Br,NRB,0
CCOC(=O)CC(SP(=S)(OC)OC)C(=O)OCC,NRB,0
OC(=O)c1ccc(Cl)c2c(Cl)ccc(C(=O)OC(=O)c3ccc(Cl)c4c(Cl)ccc(C(O)=O)c34)c12,NRB,0
Cc1ncc(CO)c(C=O)c1O,RB,1
C=C(Cl)Cl,NRB,0
Oc1c(Cl)cc(Cl)c(Cl)c1Cc2c(O)c(Cl)cc(Cl)c2Cl,NRB,0
CN(C)c1ccc(cc1)C(=O)c1ccc(cc1)N(C)C,NRB,0
Cc1ccc(c(c1)C)/N=N/c1c(O)ccc2c1cccc2,NRB,0
COc1cccc(c1)[N+]([O-])=O,NRB,0
Fc1ccccc1F,NRB,0
COC(=O)Nc1ccc(cc1)N=Nc1ccc(cc1C)N=Nc1ccc(cc1)O,NRB,0
CC(=O)CC(=O)OC(C)CC,RB,1
COCN(C(=O)CCl)c1c(CC)cccc1CC,NRB,0
C1OC1CN(CC2CO2)c3ccccc3,NRB,0
Sc1nc2ccccc2s1,NRB,0
Cc1cccc(O)c1,NRB,0
OC(=O)c1ccccc1S(O)(=O)=O,NRB,0
CCCCCCCCOC(=O)C=C,RB,1
CCOc1ccc(NC(=O)C)cc1,NRB,0
COCCl,RB,1
Oc1ccc(c(O)c1)C(=O)c2ccccc2,NRB,0
C[Si]1(O[Si](C)(C)O[Si](O[Si](O1)(C)C)(C)C)c1ccccc1,NRB,0
C1CO1,RB,1
COc1ccccc1N,RB,1
OC(=O)CCC(=O)O,RB,1
Clc1c(S)c(Cl)c(c(c1Cl)Cl)Cl,NRB,0
OC(=O)CCCCC(=O)O,RB,1
CCc1ccc(CC)cc1,NRB,0
CC1CCC(CC1)C(=C)C,RB,1
CN(C)C(=O)Nc1ccccc1,RB,1
Brc1cc(c(c(c1O)Br)C)C1(OS(=O)(=O)c2c1cccc2)c1cc(Br)c(c(c1C)Br)O,NRB,0
CC1(C)CCCCC1,NRB,0
OC(=O)CSc1[n]ccc[n]1,RB,1
CCN(CC)c1ccc2c(Oc3cc(ccc3C24OC(=O)c5ccccc45)N(CC)CC)c1,NRB,0
CCN(CC)c1cc(O)c(cc1)C(=O)c1ccccc1C(O)=O,NRB,0
O=P(OCC(Br)CBr)(OCC(Br)CBr)OCC(Br)CBr,RB,1
Cc1cc(C)cc(c1)OP(=O)(Oc1cc(C)cc(C)c1)Oc1cc(C)cc(C)c1,NRB,0
C1CCCCC1N(Sc1[n]c2ccccc2[s]1)C1CCCCC1,NRB,0
O=C(OC1CCCCC1)c1ccccc1C(=O)OC1CCCCC1,RB,1
CCCC(=O)O,RB,1
ClCC=C,RB,1
C1(O)C(O)OC(OP(=O)(NCCCl)NCCCl)C(O)C1O,NRB,0
OC(=O)c1cccc(c1C(O)=O)[N+]([O-])=O,NRB,0
[O-][N+](=O)c1cc(Cl)c(cc1)NC(=O)c1cc(Cl)ccc1O,NRB,0
Nc1[n]c([n]c(N)[n]1)-c1ccccc1,NRB,0
CCCCOC(=O)c1ccc(cc1C(=O)OCCCC)C(=O)OCCCC,RB,1
CCNc1cccc2ccccc12,NRB,0
CC1(C)C2CCC1(C)C(=O)C2,RB,1
CCCCCCCCC(C)=O,RB,1
COC(C)(C)C,NRB,0
ClCCCCCCCCCl,NRB,0
CC1(C)C2CC1CCC2(C)OO,NRB,0
NCC1CCC(CC1)C(=O)O,NRB,0
CCCCC(CP(O)(=O)OCC(CCCC)CC)CC,NRB,0
N[C@@H](CSSC[C@H](N)C(=O)O)C(=O)O,RB,1
CC(C)(C)Cl,NRB,0
OS(=O)(=O)CC=C,NRB,0
Nc2ccn(C1OC(CO)C(O)C1(F)F)c(=O)n2,NRB,0
CC(O)C(=O)O,RB,1
Cc1cccc(c1C)[N+](=O)[O-],NRB,0
CCCCOC(=O)COC(=O)c1ccccc1C(=O)OCCCC,RB,1
O=C=NCCCCCCN=C=O,NRB,0
c1ccccc1,RB,1
Oc1ccc(Cl)c(Cl)c1,NRB,0
c1[nH]cc[n]1,RB,1
C1CN2CCN1CC2,NRB,0
COCCCN,NRB,0
C=CCOC1=NS(=O)(=O)c2ccccc21,NRB,0
SC(=S)NCCNC(S)=S,NRB,0
Cc1ccc(N=Nc2c(O)ccc3ccccc23)c(c1)[N+](=O)[O-],NRB,0
CCNc1nc(NC(C)(C)C)nc(SC)n1,NRB,0
CCC(C)c1ccc(O)cc1,NRB,0
CCCCCCCCCCCCCCCCCC(=O)CCCCCCCCCCCCCCCCC,NRB,0
CO[PH](=O)OC,NRB,0
CC(C)(O)C#N,RB,1
CCCCCCSCCCCCC,NRB,0
CN(C)c1ccc(Cc2ccc(cc2)N(C)C)cc1,NRB,0
COc1c2OC(=O)C=Cc2cc3ccoc13,NRB,0
c1c[n]cc[n]1,RB,1
CC(=C)C(=O)OCc1ccccc1,RB,1
[O-][N+](=O)c1ccc(cc1)[N+](=O)[O-],NRB,0
N#CCCCCCCCCCCC(O)=O,RB,1
Oc1cccc2ccc[n]c21,NRB,0
O=C1OCc2ccccc12,RB,1
Cc1ccc(cc1)C(O)=O,RB,1
CC(=O)OCC(CO)OC(=O)C,RB,1
CCOC(Cl)=O,RB,1
CCCCC(CC)COC(=O)CCC,RB,1
Oc1cc2ccccc2cc1C(O)=O,NRB,0
[O-][N+](=O)c1cccc(c1)[N+](=O)[O-],NRB,0
OC(=O)c1ccccc1[N+](=O)[O-],RB,1
Nc1ccc(cc1C#N)[N+](=O)[O-],NRB,0
ClN1C(=O)N(Cl)C(=O)N(Cl)C1=O,NRB,0
Oc1cccc(Cc2ccccc2O)c1,NRB,0
Oc1ccccc1C=O,NRB,0
CC1CCCCC1OC(C)=O,RB,1
CC(Cc1ccc(cc1)C(C)(C)C)C=O,NRB,0
Clc1ccc(cc1)S(=O)(=O)c2ccc(Cl)cc2,NRB,0
Clc1ccc(cc1Cl)N=C=O,NRB,0
ClC(Cl)(Cl)Cl,NRB,0
CCN1CN(CN(C1)CC)CC,RB,1
[O-][N+](=O)c1cccc(Cl)c1,NRB,0
BrCC(Br)CO[P](=O)(OCC(Br)CBr)OCC(Br)CBr,NRB,0
Nc1ccc2ccccc2c1S(O)(=O)=O,NRB,0
Nc1cccc2cccc(N)c12,NRB,0
OC(CC(=O)O)C(=O)O,RB,1
[O-][N+](=O)c1cccc2c(cccc12)[N+](=O)[O-],NRB,0
Oc1ccc(cc1)C1(OC(=O)c2ccccc12)c1ccc(O)cc1,NRB,0
COc1cc(O)c(cc1)C(=O)c1ccccc1,NRB,0
O=Cc1ccccc1,RB,1
OC(=O)C1CC(C(C1C(=O)O)C(=O)O)C(=O)O,NRB,0
CC1CCCCC1OC(=O)C,RB,1
Oc1ccccc1[N+](=O)[O-],NRB,0
OC(=O)c1ccccc1I,NRB,0
CC12CCC(C=C1)(C1C2C(=O)N(CC(CCCC)CC)C1=O)C(C)C,NRB,0
COc1cc(\C=C\C(=O)O)ccc1O,RB,1
NC(N)=O,RB,1
CCCCCCCCCCCCCCCCCCCCCCCCCCCCCC,RB,1
OCCCOCCCO,NRB,0
CCCCCCCCCCCCCCCCCCOC(=O)CCSCCC(=O)OCCCCCCCCCCCCCCCCCC,RB,1
c1ccc2cc3c(cc2c1)c4cccc5cccc3c45,NRB,0
O=NN1CN2CN(C1)CN(C2)N=O,RB,1
c1c2cc3cc4ccccc4cc3cc2cc2ccccc21,NRB,0
CCNc1ccccc1,NRB,0
CCCCCCCCCCCCCCCCCCCC,RB,1
CC(O)CO,RB,1
CCCCOCNC(=O)C=C,RB,1
Cc1ccc(c(c1)[N+]([O-])=O)[N+]([O-])=O,NRB,0
CO[P]1(=S)OCc2ccccc2O1,NRB,0
Clc1ccc(CC#N)cc1,NRB,0
CCN(CCO)CCO,NRB,0
Clc1ccccc1NNc2ccccc2Cl,NRB,0
CC(C)Oc1cc(N2N=C(OC2=O)C(C)(C)C)c(Cl)cc1Cl,NRB,0
CC(C)OC(C)C,NRB,0
CC(C)(C)c1cc(CO)cc(c1O)C(C)(C)C,NRB,0
CO[P](=O)(OC)OC(=CCl)c1cc(Cl)c(Cl)cc1Cl,NRB,0
CCCCCCCCCCCO,RB,1
Nc1ccccc1c2ccccc2,NRB,0
BrCC(CBr)(CBr)CBr,NRB,0
CCOC(=O)N,NRB,0
O=C1CCO1,RB,1
COc1ccc2CC5C3C=CC(O)C4Oc1c2C34CCN5C,NRB,0
Cc1ccc(cc1)[N+]([O-])=O,NRB,0
OCCCl,RB,1
OCCSCCO,NRB,0
O=C1NC(=O)NC(=O)N1,NRB,0
Cc1ccc(OP(=O)(Oc2cc(C)cc(C)c2)Oc3cccc(C)c3C)c(C)c1,NRB,0
CCOC(=O)Cl,RB,1
Oc1c(cc2c(C(=O)c3ccccc3C2=O)c1O)S(O)(=O)=O,NRB,0
Cc1cccc(c1)c2ccccc2,NRB,0
Nc1c(Br)c2Cc3ccccc3-c2cc1Br,NRB,0
C1N2CN3CN(CN1C3)C2,NRB,0
OCC(F)(F)C(F)(F)C(F)(F)C(F)(F)C(F)(F)C(F)F,NRB,0
OC(=O)C=CC(O)=O,RB,1
CCCCCCCCCCCCCC,RB,1
ClC(CCl)CCl,NRB,0
CC(Cl)C(=O)O,RB,1
O=C(c1ccccc1)c1ccccc1,NRB,0
CC(Cl)Cl,NRB,0
CC(C)(c1ccc(OC#N)cc1)c2ccc(OC#N)cc2,NRB,0
Nc1ccc(N)cc1,NRB,0
O=C(c1cccc[n]1)c1ccccc1,RB,1
Oc1ccccc1Cc2ccccc2O,NRB,0
CCCCCCCCC=CCCCCCCCC(=O)N(C)CCS(=O)(=O)O,RB,1
Cc1cccc(c1O)C(C)(C)C,NRB,0
Nc1n[nH]c(S)n1,NRB,0
CC(C)OC(=O)Cl,NRB,0
CC(=O)C(N=Nc1ccc(cc1Cl)c2ccc(N=NC(C(C)=O)C(=O)Nc3ccccc3C)c(Cl)c2)C(=O)Nc4ccccc4C,NRB,0
Cc1cscc1,NRB,0
Oc1cc(O)cc(O)c1,RB,1
CCN(c1ccc(cc1)/N=N/c1ccc(cc1Cl)[N+](=O)[O-])CCOc1ccccc1,NRB,0
ClC(Cl)(Cl)c1ccccc1,RB,1
CC(C)C1CCC(C)CC1,RB,1
Oc1ccccc1CC=C,RB,1
Clc1ccccc1-c1ccccc1Cl,NRB,0
Oc1ccccc1-c1ccccc1,RB,1
COc1ccc(O)c(c1)C(C)(C)C,NRB,0
Clc1ccc2C(=O)c3ccccc3C(=O)c2c1,NRB,0
Nc1cccc(c1)S(=O)(=O)O,NRB,0
Nc1c(Cl)cc(Cl)cc1Cl,NRB,0
CCCC1=CC(=O)NC(=S)N1,NRB,0
Nc1[nH]cnn1,NRB,0
C=C(Br)c1ccccc1,NRB,0
OCCO,RB,1
Cc1cc(ccc1)[N+]([O-])=O,NRB,0
CC(C)c1ccc(cc1)C(C)C,NRB,0
OCCNc1nc(NCCCOCCOc2ccccc2)c(c(c1C#N)C)/N=N/c1ccc(cc1C#N)[N+](=O)[O-],NRB,0
OC(c1ccccc1)c2ccccc2,RB,1
COC(C)CCO,RB,1
CCCCCCCCC(C(=O)O[Sn](CCCC)(CCCC)CCCC)CC(=O)O[Sn](CCCC)(CCCC)CCCC,NRB,0
CNCCS(O)(=O)=O,RB,1
OC(=O)c1ccccc1-c1ccccc1C(O)=O,RB,1
COC(=O)CC(=O)C(C)(C)C,NRB,0
CC(C)CC(C)(C)C,NRB,0
CCCCCC(=O)CCCCC,RB,1
Cc1cc(O)c(cc1C1(OS(=O)(=O)c2c1cccc2)c1cc(C)c(cc1C)O)C,NRB,0
CCCCC(COC(=O)c1ccccc1C(=O)OCC(CCCC)CC)CC,NRB,0
S(Sc1sc2ccccc2n1)c3sc4ccccc4n3,NRB,0
CCC(C)c1cc(cc(c1O)[N+](=O)[O-])[N+](=O)[O-],NRB,0
Cc1cc(O)c(cc1Sc2cc(c(O)cc2C)C(C)(C)C)C(C)(C)C,NRB,0
C1C=CCC2C=CCC21,NRB,0
BrC=CBr,NRB,0
CC(C)(C)c1cc(cc(N=Nc2ccccc2[N+]([O-])=O)c1O)C(C)(C)C,NRB,0
BrCCCCCCCCCCBr,NRB,0
CCCCCCCCCc1ccc(O)cc1,NRB,0
Nc1cccc2C(=O)c3ccccc3C(=O)c12,NRB,0
CCOP(=S)(OCC)O\N=C(/C#N)\c1ccccc1,NRB,0
Cc1ccc(N)c(c1)S(=O)(=O)O,NRB,0
OC(=O)C(O)=O,RB,1
Nc1nc(N)nc(n1)c2ccccc2,NRB,0
OS(=O)(=O)c1cccc2c(cccc21)S(O)(=O)=O,RB,1
CCC(=O)C,RB,1
CCC(CO)(CO)COCC(CC)(CO)CO,NRB,0
CCCCCCCCCCCCCCC,RB,1
CC(C)(CC)c1cc(c(cc1)OC(CC)C(=O)Nc1cc(O)c(cc1)NC(=O)C(F)(F)C(F)(F)C(F)(F)F)C(C)(C)CC,NRB,0
c1cc2cccc3C=Cc(c1)c23,NRB,0
ClC1CC2C(C1Cl)C3(Cl)C(=C(Cl)C2(Cl)C3(Cl)Cl)Cl,NRB,0
COc1cc(ccc1N=Nc2c(O)c3c(N)cc(cc3cc2S(=O)(=O)O)S(=O)(=O)O)c4ccc(N=Nc5c(O)c6c(N)cc(cc6cc5S(=O)(=O)O)S(=O)(=O)O)c(OC)c4,NRB,0
CCCCN(C)C(=O)Nc1cc(Cl)c(Cl)cc1,NRB,0
OC(=O)\C=C\C(=O)O,RB,1
CC1=C(SCCO1)C(=O)Nc2ccccc2,RB,1
ClCCOC(c1ccccc1)c2ccccc2,NRB,0
[O-][N+](=O)c1cc(Cl)c(N=Nc2ccc(cc2)N(CCC#N)CCC#N)c(Cl)c1,NRB,0
COCCOC(=O)C=C,RB,1
CCC(O)CO,RB,1
N#CC1SC2=C(SC=1C#N)C(=O)c1ccccc1C2=O,NRB,0
CC(c1ccccc1)c2ccc(O)c(C(C)c3ccccc3)c2C(C)c4ccccc4,NRB,0
NC(=O)C=C,RB,1
CCCCC(CC)(CO)CO,NRB,0
ClCC(Cl)Cl,NRB,0
O=C(OC1CCCCC1)c2ccccc2C(=O)OC3CCCCC3,RB,1
CCNc1[n]c(NC(C)(C)C)[n]c([n]1)SC,NRB,0
c1cccc2c(cccc21)Nc1ccccc1,NRB,0
CCCCC(COP(O)(=O)OCC(CCCC)CC)CC,NRB,0
C1=Cc2cccc3cccc1c23,NRB,0
CCOP(=S)(Oc1ccc(cc1)[N+](=O)[O-])c2ccccc2,NRB,0
CN(C)Cc1ccccc1,NRB,0
CC(=C)C(=O)OC(C)(C)C,NRB,0
Cc1ccc(C)c(N)c1,NRB,0
CCCCCCCCC#N,RB,1
Sc1cccc2ccccc21,NRB,0
O=c1c2ccc3c4c2c(c2c1cccc2)[nH]c1c4c2c([nH]3)c3ccccc3c(=O)c2cc1,NRB,0
CNC(S)=S,NRB,0
Clc1cc(Cl)ccc1,NRB,0
CC(C)(C)OOC(C)(C)c1cccc(c1)C(C)(C)OOC(C)(C)C,NRB,0
CC(C)Cc1ccc(C(C)C(=O)O)cc1,NRB,0
Nc1cc(ccc1)S(=O)(=O)c1cc(N)ccc1,NRB,0
C=CC(=O)OCC(CO)(COC(=O)C=C)COC(=O)C=C,NRB,0
C=C1COC2(OC1)OCCCO2,NRB,0
Nc1c[n]ccc1,NRB,0
COC(=O)C=CC(=O)OC,RB,1
CC(C)(C)c1ccccc1,RB,1
CC1C=CCC2C1C(=O)OC2=O,NRB,0
OC(=O)c1cccc2ccccc12,NRB,0
CC(C)(C)c1cc(n2nc3ccc(Cl)cc3n2)c(O)c(c1)C(C)(C)C,NRB,0
COc1ccc(O)cc1,RB,1
CC(C)CC=C,NRB,0
ClC(=C(Cl)C(=C(Cl)Cl)Cl)Cl,NRB,0
[O-][N+](=O)c1ccc(Cl)cc1Cl,NRB,0
CN(C)c1ccc(cc1)C(=N)c2ccc(cc2)N(C)C,NRB,0
CC(C)CCCCCCCCCCCCCCC(=O)O,RB,1
CCCCCCCCCCSSCCCCCCCCCC,NRB,0
ClC\C=C\Cl,NRB,0
Oc1ccc(cc1)-c1ccccc1,NRB,0
OC(=O)CC(=C)C(=O)O,RB,1
NCCN,RB,1
CC(C)(C)c1cc(C)cc(Cc2cc(C)cc(c2O)C(C)(C)C)c1O,NRB,0
CCCCOC(=O)CC(=O)C,RB,1
CCCCCCCCCc1ccc(OCCOCCOCCOCCOCCOCCOS(=O)(=O)O)cc1,NRB,0
CC1(C)CC(=O)CC(C)(C)N1,NRB,0
CCCCCC1OC1CC1OC1CCCCCCCC(=O)OC(COC(=O)CCCCCCCC1OC1CC1OC1CCCCC)COC(=O)CCCCCCCC1OC1CC1OC1CCCCC,RB,1
NCCc1ccc(Br)cc1,RB,1
CCO[P](=S)(Oc1ccc(cc1)[N+]([O-])=O)c2ccccc2,NRB,0
CC1CC(C(O)CC2CC(=O)NC(=O)C2)C(=O)C(C)C1,RB,1
Clc1cccc(Cl)c1,NRB,0
CCCCCCCCCCCCCCCCCCCCCCCCCCCC,RB,1
ClC1=C(Cl)C2(Cl)C3CCC4C(CCC3C1(Cl)C2(Cl)Cl)C5(Cl)C(=C(Cl)C4(Cl)C5(Cl)Cl)Cl,NRB,0
Cc1cc(cc(c1)[N+](=O)[O-])[N+](=O)[O-],NRB,0
[O-][N+](=O)c1ccc(Cl)cc1,NRB,0
CC1(C)CC(CC(C)(CN=C=O)C1)N=C=O,NRB,0
COC(=O)Nc1cccc(C)c1,RB,1
COCCO,RB,1
CCc1ccc(cc1)-c1ccccc1,NRB,0
CCCCCCCCCC[N+](C)(C)Cc1ccccc1,NRB,0
Clc1ccc(cc1Cl)c2ccccc2,NRB,0
CC(=CCC\C(=C\CO)\C)C,RB,1
CCc1ccccc1C=C,NRB,0
Nc1cc(c(cc1)C=Cc1ccc(N)cc1S(O)(=O)=O)S(O)(=O)=O,NRB,0
CC(=C)C(O)=O,RB,1
O=C1N(CC2CO2)C(=O)N(CC3CO3)C(=O)N1CC4CO4,NRB,0
CC(=C)C1CCC(=CC1)C,RB,1
[O-][N+](=O)c1cccc(O)c1,RB,1
CC(C)c1ccc(cc1)OP(=O)(Oc1ccc(cc1)C(C)C)Oc1ccc(cc1)C(C)C,NRB,0
Nc1c(cc(c2cccc(O)c12)S(=O)(=O)O)S(=O)(=O)O,NRB,0
Cc1cccc(c1)C(=O)O,RB,1
COc1cc(NC(=O)C(N=Nc2ccc(cc2Cl)c3ccc(N=NC(C(C)=O)C(=O)Nc4cc(OC)c(Cl)cc4OC)c(Cl)c3)C(C)=O)c(OC)cc1Cl,NRB,0
Cc1cc(O)ccc1,RB,1
OC(=O)c1cc(ccc1)C(O)=O,RB,1
c1ccc(cc1)c2ccccc2,RB,1
CCOC(=O)C(O)(c1ccc(Cl)cc1)c2ccc(Cl)cc2,NRB,0
C1CCOC1,RB,1
Nc1cccc(c1)S(=O)(=O)c2cccc(N)c2,NRB,0
o1cccc1,NRB,0
Fc1ccc(cc1)C(c1ccc(cc1)F)CCCN1CCC(CC1)n1c(=O)[nH]c2c1cccc2,NRB,0
CC(N)c1ccccc1,NRB,0
Cc1ccc(cc1)C(=O)O,RB,1
N=C(Nc1ccccc1)Nc1ccccc1,NRB,0
NC(CCCNC(=N)N)C(=O)O,RB,1
CC(=O)CC(=O)OCCCC,RB,1
ClP(Cl)c1ccccc1,NRB,0
CCC(N)(CO)CO,NRB,0
CCCCCCCCCCCCCCCCCCN=C=O,NRB,0
Clc1c(Cl)c(Cl)c(c(Cl)c1Cl)c2c(Cl)c(Cl)c(Cl)c(Cl)c2Cl,NRB,0
c1ccc2C=Cc3cccc1c32,RB,1
Oc1nc(O)nc(O)n1,NRB,0
CCC(=O)Nc1cc(ccc1N=Nc2ccc(cc2Cl)[N+](=O)[O-])N(CCOC(=O)C)CCOC(=O)C,NRB,0
CCOC(=O)C,RB,1
CC(O)COC(=O)C(C)=C,RB,1
CC(C)(C)OO,NRB,0
Cc1ccc2Nc3cc4C(=O)c5cc(C)ccc5Nc4cc3C(=O)c2c1,NRB,0
CC(C)OC(=O)C,RB,1
CCCCCC(O)=O,RB,1
Cc1cc2N=C3C(=O)NC(=O)N=C3N(C[C@H](O)[C@H](O)[C@H](O)CO)c2cc1C,NRB,0
C=Cc1ccccc1Cl,NRB,0
COC(C)(C)CCO,RB,1
C[S](C)=O,NRB,0
CCCCCCCCCC(O)=O,RB,1
Cc1ccc(Cl)cc1O,NRB,0
[O-][N+](=O)c1cc2[n]c[nH]c2cc1,NRB,0
CN(C)C(=N)NC(N)=N,NRB,0
[O-][N+](=O)c1ccccc1[N+](=O)[O-],NRB,0
C1CCC(N1)c1c[n]ccc1,NRB,0
OC(=O)C(Cl)(Cl)Cl,NRB,0
CCCCCCCCCCCCCCCCCCC#N,RB,1
ClC1(Cl)C2(Cl)C3CC(Cl)C(Cl)C3C1(Cl)C(Cl)=C2Cl,NRB,0
CCOc1cc(C=O)ccc1O,RB,1
Oc1[n]c(O)[n]c(O)[n]1,RB,1
Nc1c(N)ccc2c1c1ccc3c4c1c(C2=O)ccc4c1c2c3ccc3c2c(cc1)C(=O)c1c3cccc1,NRB,0
CNC(=O)Oc1cccc2ccccc21,RB,1
FC(Cl)(Cl)C(F)(Cl)Cl,NRB,0
CCCCC(COC(=O)C=C)CC,RB,1
CCCN(CCC)N=O,NRB,0
N#CCCN(c1ccc(c(c1)C)/N=N/c1nc2c(s1)cc(cc2)[N+](=O)[O-])CC,NRB,0
OCc1cc(ccc1O)C(O)CNCCCCCCOCCCCc2ccccc2,RB,1
OCCN(CCO)c1cc(ccc1)NC(=O)c1ccccc1,NRB,0
OC(=O)c1ccc(c[n]1)C(O)=O,NRB,0
CCCCCCCCCCCCCCCCCCS,NRB,0
CCOP(S)(=S)OCC,NRB,0
s1c2ccccc2c3ccccc13,NRB,0
c1ccc(cc1)c2cc3ccccc3[nH]2,NRB,0
O=C1c2ccccc2c3cccc4cccc1c34,NRB,0
N#Cc1cc(cc(c1/N=N/c1ccc(cc1NC(=O)C)N(CC)CC)Br)[N+](=O)[O-],NRB,0
Nc1ccc(cc1)[S](N)(=O)=O,NRB,0
c1ccccc1CC(c2ccccc2)(C(C)CN(C)C)OC(=O)CC,NRB,0
Cc1c(Cc2cc(c(O)c(c2)C(C)(C)C)C(C)(C)C)c(C)c(Cc3cc(c(O)c(c3)C(C)(C)C)C(C)(C)C)c(C)c1Cc4cc(c(O)c(c4)C(C)(C)C)C(C)(C)C,NRB,0
CCCCCCCCOc1cc(O)c(cc1)C(=O)c1ccccc1,NRB,0
Oc1ccc(cc1)S(O)(=O)=O,RB,1
OCc1ccc(Cl)cc1Cl,RB,1
OS(=O)(=O)c1cccc2c(cccc12)S(=O)(=O)O,NRB,0
CCN(O)CC,NRB,0
CCCCCC=CCC=CCCCCCCCC(O)=O,RB,1
c1ccccc1N=Nc1ccccc1,NRB,0
CCCCCCCC/C=C/CCCCCCCC(=O)OCC(O)C1OCC(O)C1O,RB,1
CC(O)COC(=O)C=C,RB,1
O=C(N)C1=C(O)C(N(C)C)C2C(O)(C(O)=C3C(C(O)(C)c4c(c(O)ccc4)C3=O)C2O)C1=O,NRB,0
c1c(Cl)ccc(OC(C)(C)C(OCC)=O)c1,NRB,0
CCCCCCCCCCCCCCCCCCCCCCCCCCCCCCCCCC,RB,1
c1ccccc1CC(=O)NC1C2SC(C)(C)C(C(=O)O)N2C1=O,NRB,0
Oc1cc2ccc(cc2cc1S(=O)(=O)O)S(=O)(=O)O,NRB,0
Nc1cccc(N)n1,NRB,0
Cc1ccc(C)c(O)c1,NRB,0
C1C=CCCC1c1ccccc1,RB,1
Oc1ccc(cc1)C(=O)c2ccc(O)c(O)c2O,NRB,0
CCOC(=O)CCCCC(=O)O,RB,1
Cc1ccc(O)cc1N(=O)=O,NRB,0
CCO[Si](CCCN)(OCC)OCC,NRB,0
CC(C)C1CCC(C)CC1O,NRB,0
Cc1ccc(Cl)c(O)c1,NRB,0
Clc1ccccc1c2ccccc2Cl,NRB,0
Oc1c(cccc1C1CCCCC1)C1CCCCC1,NRB,0
OC(=O)C(O)(CC(O)=O)CC(O)=O,RB,1
O=C(CC(=O)c1ccccc1)c1ccccc1,RB,1
CC(=O)C(N=Nc1ccc(cc1Cl)-c1cc(Cl)c(cc1)N=NC(C(=O)Nc1ccccc1C)C(C)=O)C(=O)Nc1ccccc1C,NRB,0
CCOC(=O)c1ccc2c(c1)C(=O)OC2(c1ccc(cc1OCC)N(CC)CC)c1c2ccccc2n(c1C)CC,NRB,0
Nc1ccc2cc(cc(O)c2c1)[S](O)(=O)=O,NRB,0
CCCCCCCCc1ccc(O)cc1,NRB,0
OCC(CO)(CO)COCC(CO)(CO)CO,NRB,0
OC(=O)c1cccc(Cl)n1,NRB,0
Oc1ccc(O)c(c1)S(=O)(=O)O,RB,1
CCCCC\C=C/C\C=C/CCCCCCCC(=O)O,RB,1
Oc1c(Cl)cc(Cl)cc1[N+](=O)[O-],NRB,0
CCCCCCCCCCCC(=O)OOC(=O)CCCCCCCCCCC,RB,1
CCCCC(CC)C(=O)OCC(COC(=O)C(CC)CCCC)(COC(=O)C(CC)CCCC)COC(=O)C(CC)CCCC,NRB,0
OC1CCC(CC1O)C=C,NRB,0
Cc1ccccc1C,RB,1
CC(C)(C)c1cc(CN2C(=O)N(Cc3cc(c(O)c(c3)C(C)(C)C)C(C)(C)C)C(=O)N(Cc3cc(c(O)c(c3)C(C)(C)C)C(C)(C)C)C2=O)cc(c1O)C(C)(C)C,NRB,0
C\C=C\C=C\C(=O)O,RB,1
Nc1c(Br)cc(O)c2c1C(=O)c1ccccc1C2=O,NRB,0
Oc1cc(ccc1)OC(=O)c1ccccc1,RB,1
OC(C(=O)c1ccccc1)c2ccccc2,RB,1
CCOCCOCCOCCO,RB,1
CN(C1CCCCC1)c2ccc3c(Oc4cc(C)c(Nc5ccccc5)cc4C36OC(=O)c7ccccc67)c2,NRB,0
Cc1ccccc1O,RB,1
CCCCCCC(O)=O,RB,1
OC(=O)C(F)(F)C(F)(F)C(F)(F)C(F)(F)C(F)(F)C(F)(F)C(F)(F)C(F)(F)C(F)(F)C(F)(F)C(F)(F)C(F)(F)C(F)(F)F,NRB,0
ClC1=C(Cl)C(Cl)(Cl)C(=C1Cl)Cl,NRB,0
CCCCCCCCCCCCN(C)C,RB,1
CC(=C)C=C,NRB,0
CN1C(C)(C)CC(CC1(C)C)OC(=O)CCCCCCCCC(=O)OC1CC(C)(C)N(C(C1)(C)C)C,NRB,0
CCCCCc1ccc2C(=O)c3ccccc3C(=O)c2c1,NRB,0
NCCO,RB,1
Cc1ccc(cc1O)N(=O)=O,NRB,0
NCCC[CH]1OC[C]2(CO1)CO[CH](CCCN)OC2,NRB,0
COP(=S)(OC)SCc1[n]c(N)[n]c(N)[n]1,NRB,0
ClCC(CCl)O[P](=O)(OC(CCl)CCl)OC(CCl)CCl,NRB,0
CCOC(=O)CC#N,RB,1
Oc1ccccc1Cc1ccccc1O,NRB,0
CC(=O)CC(=O)OC,RB,1
ClC1C(Br)C(Br)C(Br)C(Br)C1Br,NRB,0
Oc1ccc(cc1)N=Nc1ccc(cc1)N=Nc1ccc(cc1)O,NRB,0
CC(C)C1=CC2C(C)CC1C3C2C(=O)OC3=O,NRB,0
NC(CC(=O)O)C(=O)O,RB,1
CCCCCCCC(=O)N(CCO)CCO,RB,1
CCCCCCCCCCCCCCCC(=O)OC[C@@H](O)[C@H]1OC[C@H](O)[C@H]1O,RB,1
CCCCCCCCCC=O,RB,1
[O-][N+](=O)c1cc(ccc1Nc2ccccc2)S(=O)(=O)Nc3ccccc3,NRB,0
CC(=O)OC=C,RB,1
NCCC(=O)O,RB,1
C1CC2OC2CC1C3CO3,NRB,0
CC(C)(OOC(C)(C)c1ccccc1)c1ccccc1,NRB,0
Cc1cc(N)ccc1,NRB,0
Nc1ccc2ccccc2c1[S](O)(=O)=O,NRB,0
Oc1cc(Cl)c(Br)cc1Cl,NRB,0
OC(=O)\C=C\c1ccc(O)cc1,RB,1
CN(C)C(=O)C=C,NRB,0
CC(C)CCCCCCCCCCCCCCC(O)=O,RB,1
COC(=O)c1cc2ccc(cc2cc1)C(=O)OC,NRB,0
CCC(C)(O)C#C,RB,1
CCOCCO,RB,1
Nc1ccccc1N,NRB,0
N(c1ccccc1)c2ccc(Nc3ccccc3)cc2,NRB,0
COc1c2OC(=O)C=Cc2cc2ccoc21,NRB,0
C1CN(CCO1)Sc2nc3ccccc3s2,NRB,0
OC(=O)CNC(=O)c1ccccc1,RB,1
OC(=O)c1cc2c(cc1)C(=O)OC2=O,RB,1
CN(C(=O)CC(=O)N(C)c1c(I)c(C(=O)NC(CO)C(O)CO)c(I)c(C(=O)NC(CO)C(O)CO)c1I)c2c(I)c(C(=O)NC(CO)C(O)CO)c(I)c(C(=O)NC(CO)C(O)CO)c2I,NRB,0
CCC(=NO)C,NRB,0
CCCCOC(=O)C,RB,1
O=C1c2ccccc2C(=O)c2c1c(ccc2N)Sc1nc2c(s1)cccc2,NRB,0
CC(C)(c1cc(Br)c(OCC(Br)CBr)c(Br)c1)c2cc(Br)c(OCC(Br)CBr)c(Br)c2,NRB,0
Oc1c(Br)cc(cc1Br)C#N,RB,1
Clc1ccc(c(Cl)c1)C(Cl)(Cl)Cl,NRB,0
OCC(CO)(CBr)CBr,NRB,0
OC(=O)c1ccc2ccccc2[n]1,RB,1
CC(C)=CCCC(C)=CC=O,RB,1
CC(c1ccccc1)c2ccc(O)cc2,NRB,0
CCN(c1ccc(c(c1)C)C=C(C#N)C#N)CCOC(=O)CCCCC(=O)OCCN(c1ccc(c(c1)C)C=C(C#N)C#N)CC,NRB,0
Oc1ccc(C=O)cc1,RB,1
N#CCCN(CCC#N)c1ccc(cc1)N=Nc1c(Cl)cc(cc1Cl)[N+]([O-])=O,NRB,0
ClC(c1ccccc1)c2ccc(Cl)cc2,NRB,0
Cc1ccc(cc1)S(N)(=O)=O,NRB,0
[O-][N+](=O)c1ccc(Cl)c(c1)[N+]([O-])=O,NRB,0
CC1COC(=O)O1,RB,1
O=C1C=CC(=O)N1c1ccc(Cc2ccc(cc2)N2C(=O)C=CC2=O)cc1,NRB,0
O=Cc1cccc(Oc2ccccc2)c1,NRB,0
Oc1cc(O)c(Cl)cc1,NRB,0
OC(=O)C(F)(F)C(F)(F)C(F)(F)C(F)(F)C(F)(F)C(F)(F)C(F)(F)C(F)(F)C(F)(F)C(F)(F)C(F)(F)F,NRB,0
CC1CO1,RB,1
OC(=O)c1ccc(O)c(O)c1,RB,1
C=C1CC(=O)O1,RB,1
Brc1cccc(c1)Oc1ccc(c(c1Br)Br)Br,NRB,0
Cc1ccc(O)c(c1)[N+](=O)[O-],NRB,0
Brc1c(-c2c(Br)c(Br)c(Br)c(Br)c2Br)c(Br)c(Br)c(Br)c1Br,NRB,0
CCN(CC)CC,NRB,0
[O-][N+](=O)c1ccccc1,NRB,0
OC(=O)CCCCCCCCCCCCCCCCCCCCC=C,RB,1
COP(=O)(OC=C(Cl)Cl)OC,RB,1
C1CCC(CC1)N(Sc2nc3ccccc3s2)C4CCCCC4,NRB,0
CCN(C1CCCCC1)C(=O)SCC,NRB,0
c1c2ccccc2cc2ccccc21,NRB,0
Cc1ccccc1N(CC)C(=O)C=CC,NRB,0
Cc1cc(N)c(cc1Cl)[S](O)(=O)=O,NRB,0
CC1(C)CC(O)CC(C)(C)N1,NRB,0
N1C(=O)N(C)c2ncn(C)c2C1(=O),NRB,0
Brc1c(Br)c(Br)c(Oc2c(Br)c(Br)c(Br)c(Br)c2Br)c(Br)c1Br,NRB,0
CCOCCOCCOC(C)=O,RB,1
CCCCCCCCC=CCCCCCCCC(=O)OCC(O)CO,RB,1
CCC(C)=O,RB,1
OCCN(c1ccc(cc1)/N=N/c1c(Cl)cc(cc1Cl)[N+](=O)[O-])C,NRB,0
O=NN(c1ccccc1)c1ccccc1,RB,1
CCCCCCCCC(=O)C,RB,1
CC(=C)C(=O)OCCOCCOC(=O)C(=C)C,RB,1
CC(CCl)OP(=O)(OC(C)CCl)OC(C)CCl,NRB,0
CCCc1ccccc1,RB,1
Nc1c2C(=O)c3ccccc3C(=O)c2c(Br)cc1S(=O)(=O)O,NRB,0
ClCCOC(c1ccccc1)c1ccccc1,NRB,0
ClC(Cl)=C(Cl)Cl,NRB,0
Brc1cc(Cl)c2c(c1)C(=O)/C(=C\1/Nc3c(C1=O)cc(cc3Br)Br)/N2,NRB,0
Nc1ccc(Cc2cc(Cl)c(N)cc2)cc1Cl,NRB,0
N[C@@H](CCCN=C(N)N)C(O)=O,RB,1
O=C1NC(=O)c2ccccc12,RB,1
CCC(C)OC(C)=O,RB,1
COc1ccccc1NC(=O)CC(=O)C,NRB,0
ClC(Cl)c1ccccc1,RB,1
Cc1cc(ccc1)OP(=O)(Oc1cc(C)ccc1)Oc1cc(C)ccc1,RB,1
CC(C)c1ccccc1C,NRB,0
Oc1ccc(cc1)c2ccc(O)cc2,NRB,0
c1ccc2c(c1)[nH]c3ccccc23,NRB,0
CCCOC(C)=O,RB,1
c1ccc2c(c1)c3cccc4cccc2c34,NRB,0
Oc1c(Cl)cc(Cl)cc1N(=O)=O,NRB,0
CCCCOC(=O)C(C)=C,RB,1
CN(C)C,RB,1
CC(C)=CC1C(C(=O)OCN2C(=O)C3CCCCC=3C2=O)C1(C)C,NRB,0
CC1CC(C)(C)CC(=O)C=1,RB,1
CCOc1cc(N=Nc2c(Br)cc(cc2N(=O)=O)N(=O)=O)c(c(c1)N(CCOC(=O)C)CCOC(=O)C)NC(=O)C,NRB,0
CCCCC(O)=O,RB,1
CCC(CC)C(=O)O,RB,1
Cc1ccc(Cl)cc1,NRB,0
C[Si](O[Si](O[Si](C)(C)C)(O[Si](C)(C)C)O[Si](C)(C)C)(C)C,NRB,0
CNc1ccccc1,NRB,0
CCOc1ccc2NC(C)(C)C=C(C)c2c1,NRB,0
CN(C)C(=O)Nc1ccc(cc1)Oc1ccc(Cl)cc1,NRB,0
CCCC(C)C,RB,1
NCC1CCC(CC1)C(O)=O,NRB,0
COCCOC(=O)C,RB,1
Cc1cccc(c1)C(O)=O,RB,1
CCOC(=O)C(SP(=S)(OC)OC)c1ccccc1,NRB,0
CN1CCCC1=O,RB,1
CCCCNCC,RB,1
CCCCCCCCCCCCCOP(OC1CCCCC1)OC2CCCCC2,NRB,0
c1ccc2cc3ccccc3cc2c1,NRB,0
O=C(OCc1ccccc1)c2ccccc2,RB,1
CO[P](=O)(OC)OC,NRB,0
CCN(Cc1cccc(c1)S(=O)(=O)[O-])c2ccc(cc2)C(=C3C=CC(=[N+](CC)Cc4cccc(c4)S(=O)(=O)O)C=C3)c5ccc(cc5)N(C)C,NRB,0
OC(=O)c1cccc(O)c1,RB,1
CCCc1cc(Cl)cc(c1)c1ccncc1,NRB,0
c1cccc2ccccc21,RB,1
O=C1N(CC2CO2)C(=O)N(CC2CO2)C(=O)N1CC1CO1,NRB,0
CCCCCCCCCCCCCCCCC=CC1CC(=O)OC1=O,NRB,0
CC(=O)Nc1cc2Cc3cc(F)ccc3-c2cc1,NRB,0
Oc1cc(Cl)ccc1Oc2ccc(Cl)cc2Cl,NRB,0
Cc1ccc(cc1O)[N+](=O)[O-],NRB,0
Nc1ccc2cc(cc(O)c2c1)S(=O)(=O)O,NRB,0
ClC(=O)c1ccc(Cl)cc1,NRB,0
Nc1ccc(cc1Cl)[N+](=O)[O-],NRB,0
C1C2OC2CCC1C1CO1,NRB,0
CNCCO,RB,1
Cc1ccccc1NC(=N)Nc2ccccc2C,NRB,0
Cc1ccc(cc1)S(=O)O,RB,1
Clc1ccc(Cl)c(c1)c2cc(Cl)ccc2Cl,NRB,0
CC(=O)Nc1cc(N)c(cc1)OC,NRB,0
Cc1ccccc1S(=O)(=O)O,NRB,0
Oc1cccc(Cl)c1,NRB,0
Cc1ccc(O)cc1,RB,1
O=Cc1ccco1,RB,1
Cc1cc(Cl)c(C)cc1,NRB,0
CCC9(O)CC3CN(CCc1c([nH]c2ccccc12)C(C3)(C(=O)OC)c4cc5c(cc4OC)N(C)C6C(O)(C(O)C7(CC)C=CCN8CCC56C78)C(N)=O)C9,NRB,0
OC(c1ccc(Cl)cc1)(c2ccc(Cl)cc2)C(Cl)(Cl)Cl,NRB,0
Cc1ccc(C)c(Cc2ccccc2)c1,NRB,0
Oc1ccc2c(c1N=Nc1ccccc1[N+](=O)[O-])cccc2,NRB,0
ClC1CC2C(C1Cl)C1(C(C2(Cl)C(=C1Cl)Cl)(Cl)Cl)Cl,NRB,0
Nc1cccc[n]1,NRB,0
CCOCCCCCCCCC(C(C(C)C)C)C(CCN)C,NRB,0
[O-][N+](=O)c1ccc(O)c2c1C(=O)c1c(C2=O)c(O)ccc1Nc1ccccc1,NRB,0
CCCCC(C)=O,NRB,0
c1[n]c2ccccc2[s]1,NRB,0
CC(c1ccccc1)c2cc(C(C)c3ccccc3)c(cc2O)C(C)c4ccccc4,NRB,0
CCc1ccccc1,NRB,0
Cc1cc(c(O)c(C)c1)C(C)(C)C,NRB,0
O=C1OC(=O)c2cc3C(=O)OC(=O)c3cc12,RB,1
Oc1ccc(cc1)[S](O)(=O)=O,RB,1
CCC(COCC(CO)(CO)CC)(CO)CO,NRB,0
N#CC(=Cc1cc2C(C)CC(N(c2cc1C)CCC(=O)Nc1ccccc1)(C)C)C#N,NRB,0
Cc1c(O)cccc1O,NRB,0
Oc1cc(Cl)c(Cl)cc1,NRB,0
FC(Cl)(Cl)SN1C(=O)c2ccccc2C1=O,NRB,0
CC(CCl)OC(C)CCl,NRB,0
CCC(=O)Nc1cc(ccc1N=Nc2ccc(cc2Cl)[N](=O)=O)N(CCOC(C)=O)CCOC(C)=O,NRB,0
CC(Br)(COc1c(Br)cc(Br)cc1Br)CBr,NRB,0
CC=CCCC,NRB,0
C1COCCN1SSN1CCOCC1,NRB,0
Clc1ccc(C=C)cc1,NRB,0
Cc1cc(O)ccc1[N+]([O-])=O,NRB,0
CC(=C)C(=O)OCC=C,RB,1
CCCCCCCCCCCC(=O)OCC(O)C1OCC(O)C1O,RB,1
COc1cc(C=O)ccc1O,RB,1
Cc1c(Cl)cccc1Nc1ccccc1C(O)=O,NRB,0
S=C(SSSSC(=S)N1CCCCC1)N2CCCCC2,NRB,0
CC(Nc1nc(nc(n1)c1ccccc1)Nc1cc(C(=O)C)c(c2c1C(=O)c1ccccc1C2=O)N)C,NRB,0
CCO[P]([S-])(=S)OCC,NRB,0
CC1=CC(C)(C)Nc2ccccc12,NRB,0
OCCN(S(=O)(=O)C(C(C(C(C(F)(F)F)(F)F)(F)F)(F)F)(F)F)CC,NRB,0
CC(C)(C)c1cc(n2nc3ccccc3n2)c(O)c(c1)C(C)(C)C,NRB,0
CN1C=C(C(=O)C(=C1)c1ccccc1)c1cc(ccc1)C(F)(F)F,NRB,0
CCOc1ccc(NC(C)=O)cc1,NRB,0
CC(C)(C)c1cc(cc(c1O)-[n]1[n]c2ccccc2[n]1)C(C)(C)C,NRB,0
CC(C)(C)c1ccccc1O,NRB,0
Oc1ccc2ccccc2c1,RB,1
CC1NC(=O)N(C(=O)C=1Cl)C(C)(C)C,NRB,0
CCCCCCCCCCCC(O)=O,RB,1
CCC(C)c1ccccc1OC(=O)NC,NRB,0
CCCc1cc(ccc1Cl)c1ccncc1,NRB,0
CCCCCCCCCCCCc1cc(Oc2ccc(cc2)S(=O)(=O)O)cc(c1)S(=O)(=O)O,NRB,0
O=Nc1ccc(Nc2ccccc2)cc1,NRB,0
CC(=O)Nc1ccccc1,RB,1
[nH]1c2ccccc2cc1c3ccccc3,NRB,0
N#Cc1cc(ccc1)C#N,NRB,0
CCN1CCOCC1,NRB,0
CN(Cc2cnc1nc(N)nc(N)c1n2)c3ccc(cc3)C(=O)NC(CCC(O)=O)C(O)=O,NRB,0
N(c1ccccc1)c2ccccc2,NRB,0
OS(=O)(=O)c1cccc2C(=O)c3ccccc3C(=O)c12,NRB,0
CCOC(=O)C=C,RB,1
CC(c1ccccc1)c1ccc(O)cc1,NRB,0
CCCCCCCC/C=C/CCCCCCCC(=O)OCCCC,RB,1
C[Si]1(C)O[Si](C)(C)O[Si](C)(C)O[Si](O[Si](O[Si](O1)(C)C)(C)C)(C)C,NRB,0
Nc1c(ccc2c1C(=O)c1ccccc1C2=O)c1nnc(o1)c1ccc(cc1)c1nnc(o1)c1ccc2c(c1N)C(=O)c1c(C2=O)cccc1,NRB,0
CC(=CC1C(C(=O)OCN2C(=O)C3=C(CCCC3)C2=O)C1(C)C)C,NRB,0
CCCCCCCCO[C@@H]1OC(CO)[C@@H](O)[C@H](O)[C@H]1O,RB,1
CCCCCCCCCCCCCCCCCCCCCC(N)=O,NRB,0
Nc1ccc(Cl)cc1Cl,NRB,0
C[N+](C)(C)OP(O)(=O)OP(O)(=O)OCC1OC(C(O)C1O)N1C=CC(N)=NC1=O,RB,1
Oc1ccc(Cl)cc1Cc2cc(Cl)ccc2O,NRB,0
OC(=O)c1cc(Cl)ccc1Cl,NRB,0
C[Si](C)(C)N[Si](C)(C)C,NRB,0
Clc1ccccc1C1CO1,NRB,0
Nc1ccc(S(=O)(=O)NC2=NOC(C)=C2)cc1,NRB,0
Clc1ccc(c(c1)NC(=O)c1cc2ccccc2cc1O)C,NRB,0
OCCN(CCO)CCO,NRB,0
CN(C)c1ccc(cc1)C(=O)c2ccc(cc2)N(C)C,NRB,0
CC(C)(C)c1cc(c(O)c(c1)C(C)(C)C)n2nc3ccccc3n2,NRB,0
Clc1ccccc1,NRB,0
BrC(Br)c1ccccc1OCC1CO1,NRB,0
CC(C)(C)c1cc(cc(c1O)-[n]1[n]c2ccc(Cl)cc2[n]1)C(C)(C)C,NRB,0
CCOCCOC(=O)C,RB,1
Oc1ccc(cc1C(C)(C)C)c1ccc(cc1)C(C)(C)C,NRB,0
CCNS(=O)(=O)C(C(C(C(C(C(C(F)(F)F)(F)F)(F)F)(F)F)(F)F)(F)F)(F)F,NRB,0
CCC=CCCO,RB,1
[O-][N+](=O)C(CO)(CO)CO,RB,1
Oc1cc2ccccc2cc1C(=O)Nc3ccccc3,NRB,0
CCNc1ccc2c(c1/N=N/c1ccc(cc1)/N=N/c1ccccc1)cccc2,NRB,0
CCCCCCc1ccccc1,RB,1
Cc1cccc2ccccc21,NRB,0
COC(=O)CCC(=O)OC,RB,1
ClCC(Br)CBr,NRB,0
CCCCCCCCCCCCS(O)(=O)=O,RB,1
ClC=C(Cl)Cl,NRB,0
NC1CCCCC1,RB,1
NC(=N)N(c1ccccc1)c1ccccc1,NRB,0
NC(=O)Nc1ccccc1,NRB,0
O1CC1COc1ccc(cc1)C(C(c1ccc(cc1)OCC1OC1)c1ccc(cc1)OCC1OC1)c1ccc(cc1)OCC1OC1,NRB,0
C1CCCCN1,RB,1
CCCCCCCCCCCCCCCO,RB,1
Cc1cc(O)ccc1C,RB,1
OCCN1C(=O)N(CCO)C(=O)N(CCO)C1=O,NRB,0
CCCCCCCCC=CCCCCCCCC(=O)OC[C@@H](O)[C@H]1OC[C@H](O)[C@H]1O,RB,1
CC(C)(C)N,NRB,0
OC(=O)CC(O)=O,RB,1
C(Oc1ccccc1)C2CO2,NRB,0
ClCBr,NRB,0
C=CC1CCC=CC1,NRB,0
CNC(=O)Oc1ccc(N(C)C)c(C)c1,RB,1
C=Cc1cc[n]cc1,NRB,0
OC(=O)CC(O)(CC(O)=O)C(O)=O,RB,1
COC(C)(C)CCOC(C)=O,RB,1
Oc1cc[n]cc1,RB,1
OC(=O)c1ccccc1Cl,NRB,0
N#Cc1c(NCCCOCCOc2ccccc2)nc(c(c1C)/N=N/c1ccc(cc1Cl)S(=O)(=O)C)NCCCOCCOc1ccccc1,NRB,0
[nH]1c2ccccc2c3ccccc13,NRB,0
CCC(COC(=O)C(=C)C)(COC(=O)C(=C)C)COC(=O)C(=C)C,RB,1
Clc1c(Cl)c(Cl)cc(Cl)c1Cl,NRB,0
COC(=O)C=C,RB,1
CN(CCN(C)C)CCN(C)C,NRB,0
NS(=O)(=O)c1ccccc1,NRB,0
CC(O)C(O)=O,RB,1
CC(=C)c1ccc(O)cc1,NRB,0
CC(C)(c1cc(Br)c(O)c(Br)c1)c1cc(Br)c(O)c(Br)c1,NRB,0
OC(c1ccccc1)C(=O)c2ccccc2,RB,1
CC(O)C(=O)C,RB,1
CN(C)c1cccc(c1)C(O)=O,NRB,0
C=C(C(O)=O)c1ccccc1,RB,1
O=Cc1ccccc1Cl,NRB,0
CC(C)CCCCCCOC(=O)c1ccccc1C(=O)OCCCCCCC(C)C,RB,1
CCCCC(COC(=O)CCC)CC,RB,1
CCCCCCCCCCCCCCCCBr,RB,1
CC(CC)c1ccc(cc1)OCC1CO1,NRB,0
CNCC(=O)O,RB,1
CCC(C)NC(C)CC,NRB,0
Clc1ccc(Cl)c(Cl)c1,NRB,0
CCC(CC)C(=O)OCCOCCOCCOC(=O)C(CC)CC,RB,1
Clc1cc(-c2cc(Cl)ccc2Cl)c(Cl)cc1,NRB,0
CC(CCO)CCO,RB,1
[O-][N+](=O)c1ccc(cc1)Oc1c(Cl)cc(Cl)cc1Cl,NRB,0
CC(=C)C(=O)OCCCCCCCCCCCCCCCCCC,RB,1
C[Si]1(C)O[Si](C)(C)O[Si](O[Si](O1)(C)C)(C)C,NRB,0
COc1cccc(OC)c1,RB,1
CCCCCCCCc1ccccc1Nc1ccccc1CCCCCCCC,NRB,0
CC(=O)CC(=O)Nc1ccc(C)cc1,RB,1
COCCOCCOCCO,RB,1
Nc1sccn1,NRB,0
Oc1cccc(O)c1,RB,1
COc1cc(C=O)cc(OC)c1O,RB,1
CN(C)C(CSC(N)=O)CSC(N)=O,NRB,0
Cc1ccc(C)cc1,RB,1
Oc1cc(Cl)ccc1Oc1ccc(Cl)cc1Cl,NRB,0
C=Cc1ccc(Cl)cc1,NRB,0
CC(C)(C)OOC(C)(C)c1ccc(cc1)C(C)(C)OOC(C)(C)C,NRB,0
C(OCc1ccccc1)c2ccccc2,NRB,0
COC(=O)c1ccccc1C(=O)c2ccccc2,NRB,0
CC(C)CC(C)Nc1ccc(cc1)Nc1ccccc1,NRB,0
CC(=O)Oc1c2c(cccc2cc2cccc(OC(C)=O)c21)OC(C)=O,NRB,0
CN1CCN(CC1)CCCN1c2ccccc2Sc2c1cc(cc2)C(F)(F)F,NRB,0
Nc1c(ccc2c1C(=O)c1ccccc1C2=O)c1nnc(o1)c1ccc2c(c1N)C(=O)c1c(C2=O)cccc1,NRB,0
Oc1ccc(cc1)S(=O)(=O)c2ccc(O)cc2,NRB,0
CC(=O)OCc1ccccc1,RB,1
N#CCCN(c1ccc(cc1)/N=N/c1c(Cl)cc(cc1Cl)[N+](=O)[O-])CCOC(=O)C,NRB,0
OC(=O)c1cccc2ccccc21,NRB,0
CCCCNC(=O)NS(=O)(=O)c1ccc(C)cc1,NRB,0
OCC(O)COCC(O)CO,NRB,0
CNc1ccccc1C(O)=O,RB,1
CC1=NN(C(=O)C1)c2ccccc2,NRB,0
OC(=O)C(O)CC(O)=O,RB,1
Clc1ccc(c(c1)[N+](=O)[O-])N=Nc1c(O)ccc2c1cccc2,NRB,0
O=C1C=CC(=O)N1c2ccccc2,NRB,0
C=Cc1ccccn1,NRB,0
CC(C)(O)CCCC1=CCC(CC1)C=O,RB,1
CCCCC(CC)COP(=O)(OCC(CC)CCCC)OCC(CC)CCCC,NRB,0
N#CCC(O)=O,RB,1
OC(=O)CC(=C)C(O)=O,RB,1
CC(C)(C)c1cc(cc(c1)C(C)(C)C)C(C)(C)C,NRB,0
COc1c([N+](=O)[O-])c(C)c(cc1C(C)(C)C)[N+](=O)[O-],NRB,0
OC(=O)CCCCCCCCCCCCC(O)=O,RB,1
CC(Cl)(Cl)C(=O)O,NRB,0
CC(=O)OCCOC(C)=O,RB,1
CCC(=O)OC=C,RB,1
ClCc1ccc(C=C)cc1,NRB,0
Nc1cc(cc2cc(cc(O)c12)S(=O)(=O)O)S(=O)(=O)O,NRB,0
OC(=O)c1ccc(Cl)cc1,NRB,0
CCCCCCCCCCCCCCCCCCCCCCC,RB,1
OCC1CC23CCC1(CC2CO)CC3,NRB,0
COC(=O)CCN(c1ccc(cc1)N=Nc1c(Cl)cc(cc1Br)[N+](=O)[O-])CCC(=O)OC,NRB,0
CCc1cccc(c1)c2cc(CC)cc(CC)c2,NRB,0
CN(C)CCCCCCN(C)C,NRB,0
ClC(c1ccccc1)(c1ccccc1)c1ccccc1,NRB,0
CN(C)CCO,RB,1
Oc1cccc(Cl)c1Cl,NRB,0
Nc1cc2ccccc2cc1,RB,1
COc1ccccc1C(O)=O,RB,1
O=C(Nc1cc(Cl)ccc1)OCC#CCCl,NRB,0
CCCN(c1ccc(c(c1)NS(=O)(=O)C)/N=N/c1c(Br)cc(cc1C#N)C)CCC,NRB,0
N#CCCN(c1ccc(cc1)N=Nc1ncc(s1)N(=O)=O)CCc1ccccc1,NRB,0
CN(O)CCO,RB,1
OC(=O)c1cccnc1,RB,1
OCCC(C(C(C(C(C(F)(F)F)(F)F)(F)F)(F)F)(F)F)(F)F,NRB,0
CCCC=C(CC)C=O,RB,1
C=CCOC1=N[S](=O)(=O)c2ccccc12,NRB,0
[O-][N+](=O)c1ccccc1O,NRB,0
OC(=O)c1cc(ccc1)S(O)(=O)=O,NRB,0
CNC(=O)NC,NRB,0
Oc1ccccc1c2ccccc2,RB,1
O=C1C=CC(=O)O1,RB,1
CC1=CC2CC1C3C2C(=O)OC3=O,NRB,0
OCCN(CCO)c1cccc(NC(=O)c2ccccc2)c1,NRB,0
N#Cc1cccc(c1)C#N,NRB,0
[O-][N+](=O)c1c(O)cccc1O,RB,1
CCCNCCC,RB,1
Nc1ccccc1[N+](=O)[O-],NRB,0
NN[S](=O)(=O)c1ccc(Oc2ccc(cc2)[S](=O)(=O)NN)cc1,NRB,0
CC(=O)c1ccc(C)cc1,RB,1
C=Cc1cccc[n]1,NRB,0
CC(C)Oc1cc(c(Cl)cc1Cl)N1N=C(OC1=O)C(C)(C)C,NRB,0
CCCCOCCOCCOC(=O)CCCCC(=O)OCCOCCOCCCC,RB,1
[O-][N+](=O)c1cc(ccc1)S(O)(=O)=O,NRB,0
COc1ccc(cc1)OC,RB,1
Cc1ccc(C)c(O)c1C,NRB,0
OC(=O)CCCCCCCCC(=O)O,RB,1
O=C(CC(=O)c1ccccc1)c2ccccc2,RB,1
CCCCCCCCCCCCCCCCCCOC(=O)CCc1cc(c(O)c(c1)C(C)(C)C)C(C)(C)C,NRB,0
OC(=O)CCCCCCCCCCCCC(=O)O,RB,1
CCCCCCC(C)Nc1ccc(cc1)Nc1ccccc1,NRB,0
CCCCCCCCCCCCSCCC(=O)OCC(COC(=O)CCSCCCCCCCCCCCC)(COC(=O)CCSCCCCCCCCCCCC)COC(=O)CCSCCCCCCCCCCCC,NRB,0
Cc1cc([n]c([n]1)C(C)C)OP(=S)(OCC)OCC,NRB,0
CCOC(=O)CC(=O)C(=O)OCC,RB,1
[O-][N+](=O)c1cccc(Cl)c1Cl,NRB,0
Clc1ccc(cc1)NC(=O)c1c(O)ccc2c1[nH]c1c2cccc1,NRB,0
Oc1ccccc1O,RB,1
CC(=O)Oc1ccccc1C(O)=O,RB,1
CCCCCCC,RB,1
CCNC1NC(=O)N=C(NCC)N=1,NRB,0
COc1ccc(cc1N=Nc1c(O)c(cc2c1cccc2)C(=O)Nc1cc(Cl)c(cc1OC)OC)C(=O)Nc1ccc(cc1)C(=O)N,NRB,0
[O-][N+](=O)c1cc(ccc1O)[N+]([O-])=O,NRB,0
Nc1ccc(cc1)C(O)=O,RB,1
Cc1cc(C)c(cc1)S(O)(=O)=O,RB,1
ClCc1ccc(Cl)c(Cl)c1,NRB,0
O=C1c2ccc3ccccc3c2C(=O)c2ccccc12,NRB,0
Cc1c(Cl)cccc1Cl,NRB,0
CC(=CCC\C(=C\C=O)\C)C,RB,1
Nc1cc(Cl)cc(Cl)c1,NRB,0
O=C1c2ccccc2C(=O)c3ccccc13,RB,1
OC(=O)c4cn(C1CC1)c3cc(N2CCNCC2)c(F)cc3c4=O,NRB,0
NCCCO,NRB,0
[O-][N+](=O)c1cccc(c1C(O)=O)C(O)=O,NRB,0
CCC(CC)C(O)=O,RB,1
Oc1ccccc1[N](=O)=O,NRB,0
[O-][N+](=O)c1cc(ccc1Nc1ccccc1)S(=O)(=O)Nc1ccccc1,NRB,0
ClCC(=O)OC=C,RB,1
CCBr,NRB,0
Cc1ccccc1,RB,1
Oc1ccccc1,RB,1
O=P1(NCCCO1)N(CCCl)CCCl,NRB,0
CCC(C)c1cc(cc(c1O)[N+]([O-])=O)[N+]([O-])=O,NRB,0
COc1cc(ccc1/N=N/C(C(=O)Nc1ccccc1C)C(=O)C)c1ccc(c(c1)OC)/N=N/C(C(=O)Nc1ccccc1C)C(=O)C,NRB,0
CCOCCOCCOC(=O)C,RB,1
CCCCN1CCCC1,RB,1
CC(=O)OC(C=C)OC(C)=O,RB,1
Nc1ccc(N=Nc2ccc(cc2)c3ccc(cc3)N=Nc4c(N)c5c(O)c(N=Nc6ccccc6)c(cc5cc4S(=O)(=O)O)S(=O)(=O)O)c(N)c1,NRB,0
CCCCCCCCCO,RB,1
CCCCC(CC)COP(=O)(O)CC(CC)CCCC,NRB,0
Oc1c2ccccc2c(Cl)cc1Cl,NRB,0
O=S(=O)(c1ccc(Cl)cc1)c1ccc(Cl)cc1,NRB,0
CC(C)(C)C(O)=O,NRB,0
COc1cc(ccc1Nc1ccc(cc1[N+](=O)[O-])[N+](=O)[O-])c1ccc(c(c1)OC)Nc1ccc(cc1[N+](=O)[O-])[N+](=O)[O-],NRB,0
CCNc1[n]c(Cl)[n]c(NCC)[n]1,NRB,0
CC(C)C(NC(N)=O)NC(N)=O,RB,1
C=CCOCC1CO1,NRB,0
CCC9(O)CC3CN(CCc1c([nH]c2ccccc12)C(C3)(C(=O)OC)c4cc5c(cc4OC)N(C)C6C(O)(C(OC(C)=O)C7(CC)C=CCN8CCC56C78)C(=O)OC)C9,NRB,0
CCN(CC)c1ccc(c(O)c1)C(=O)c2ccccc2C(O)=O,NRB,0
CC(C)C1CCCc2ccccc12,NRB,0
CC(O)COC(C)COC(C)CO,NRB,0
CC=CC=CC(O)=O,RB,1
CCO,RB,1
CCCCCCCCCCCCCC(=O)N(CCO)CCO,RB,1
N#CCCCCC#N,RB,1
NC(=O)CCC(N)C(O)=O,RB,1
CC1CCC(CC=1)C(C)=C,RB,1
CC(C)=CC(C)=O,RB,1
[O-][N+](=O)c1cc(ccc1Nc2ccccc2)[S](=O)(=O)Nc3ccccc3,NRB,0
Cc1cccc(N)c1C,NRB,0
CC(C)=CC1C(C(=O)OC2CC(=O)C(=C2C)CC=C)C1(C)C,NRB,0
Nc2ccn(C1OC(CO)C(O)C1O)c(=O)n2,NRB,0
c1ccc[s]1,NRB,0
Brc1ccc(cc1)-c1ccc(Br)cc1,NRB,0
C1C\C=C\CCC=CCC\C=C\1,NRB,0
CC(=O)Nc1ccc(cc1)OCC,NRB,0
OC(=O)c1[n]cccc1C(O)=O,RB,1
Br\C=C\c1ccccc1,NRB,0
Cc1ccccc1OP(=O)(Oc2ccccc2C)Oc3ccccc3C,RB,1
O=S(=O)(c1cc(Cl)c(Cl)cc1Cl)c1ccc(Cl)cc1,NRB,0
Clc1cnc(Cl)c(Cl)c1,NRB,0
CCCCCCCCCCCCS(=O)(=O)O,RB,1
O=C1c2ccccc2C(=O)c2c1c(ccc2N)Nc1ccccc1,NRB,0
CCC(=O)CC,RB,1
CCC(CO)(CO)CO,NRB,0
CC1CC(OC(C)O1)OC(C)=O,RB,1
[O-][N+](=O)c1cccc2c(cccc21)[N+]([O-])=O,NRB,0
Cc1ccccc1NC,NRB,0
COc1cc(ccc1N)[N+](=O)[O-],NRB,0
Nc1ccc(cc1)S(=O)(=O)NC(=O)c2ccccc2,NRB,0
CCCCCCCCCCCCOS(=O)(=O)c1ccccc1,RB,1
CC1OC(C)OC(C)O1,NRB,0
Oc1ccc(c2ccccc12)S(=O)(=O)O,NRB,0
CCOC(=O)\C=C(/Cl)\C(=O)OCC,NRB,0
CCOC(=O)c1ccccc1/C(=C/1\C=C(Br)C(=O)C(=C1)Br)/c1cc(Br)c(c(c1)Br)O,NRB,0
CCCN(c1ccc(c(c1)NS(=O)(=O)C)/N=N/c1c(C#N)cc(cc1C#N)C)CCC,NRB,0
C1CCC(CC1)NSc2sc3ccccc3n2,NRB,0
Nc1ccc(cc1)[N+](=O)[O-],NRB,0
C1CC=CC1,RB,1
Nc1nccs1,NRB,0
OC(=O)C(Cl)Cl,RB,1
Oc1cccc2ccccc21,RB,1
CCCCCCCCCCCCCCCCCC(=O)OCCOC(=O)CCCCCCCCCCCCCCCCC,RB,1
Cc1cc(ccc1)C(=O)N(CC)CC,NRB,0
COc1ccc(cc1)N(=O)=O,NRB,0
COc1ccc(OC)cc1,RB,1
Nc1cc2c(cc1)C(=O)c1ccccc1C2=O,NRB,0
CCCC[Sn](CCCC)(CCCC)CCCC,NRB,0
O=C(Nc1cc(Cl)c(Cl)cc1)Nc1ccc(Cl)cc1,NRB,0
OCC(O)C(O)C(O)C(O)CO,RB,1
CC(=O)OC(COC(C)=O)COC(C)=O,RB,1
CCCCCCCCCCCCCCCCCCC1CC(=O)OC1=O,NRB,0
OC(=O)\C=C\c1ccccc1,RB,1
Sc1ccc2ccccc2c1,NRB,0
O(c1ccccc1)c2ccccc2,NRB,0
Cl[C@@H]1[C@H](Cl)[C@@H](Cl)[C@H](Cl)[C@@H](Cl)[C@@H]1Cl,NRB,0
Nc1cccnc1,NRB,0
C1CCC(CC1)NSc2nc3ccccc3s2,NRB,0
NCCCCCCCCCCCC(=O)O,RB,1
CC(=O)OCCN(S(=O)(=O)c1ccc2c(c1)ccc(c2N=Nc1ccc(cc1)N=Nc1ccccc1)O)C,NRB,0
Clc1ccccc1C=O,NRB,0
C1CCC=C1,RB,1
CN(C)C(=O)Nc1cc(Cl)c(Cl)cc1,NRB,0
ClCCc1ccccc1,NRB,0
Clc1cc(Cl)c(Cl)cc1Cl,NRB,0
CCC(C)OC(=O)C,RB,1
CC(=NNC(=S)N)C,NRB,0
Cc1cc(c(cc1)N=Nc1c(O)ccc2ccccc21)[N+]([O-])=O,NRB,0
c1c2-c3cccc4cccc(c43)-c2cc2ccccc21,NRB,0
ClC1CCCCC1,NRB,0
CC(C)C#N,RB,1
NCc1cc(CN)ccc1,NRB,0
Cc1ccc(cc1)[S](O)(=O)=O,RB,1
Nc1ccc(Cl)cc1[N+]([O-])=O,NRB,0
CCCCCCCCCCCCCCCCCCCN,RB,1
CCCCn1c(O)c(N=Nc2ccc(cc2[N+](=O)[O-])C(=O)c2ccc(cc2)Cl)c(c(c1=O)C#N)C,NRB,0
COc1ccccc1OCC(O)COC(N)=O,NRB,0
Cc1ccc2cc3c(ccc4ccccc34)c5CCc1c25,NRB,0
CC(C)c1ccccc1C(C)C,NRB,0
O=C=NC(c1cccc(c1)C(N=C=O)(C)C)(C)C,NRB,0
Cc1cc(Cc2cc(C)cc(c2O)C(C)(C)C)c(O)c(c1)C(C)(C)C,NRB,0
CC(C)(c1cc(Br)c(OCCO)c(Br)c1)c2cc(Br)c(OCCO)c(Br)c2,NRB,0
CCCCCCCCCCCCCCCCCCOP(OCCCCCCCCCCCCCCCCCC)OCCCCCCCCCCCCCCCCCC,RB,1
CCCCCCCCC=CCCCCCCCC(=O)OCC(O)C1OCC(O)C1O,RB,1
COP(=O)(OC)C(O)C(Cl)(Cl)Cl,NRB,0
CCCO,RB,1
O=C1Oc2ccccc2C=C1,RB,1
N#CCCN(c1ccc(cc1)/N=N/c1ccc(cc1C#N)[N+](=O)[O-])CCc1ccccc1,NRB,0
CC(C)(N)Cc1ccccc1Cl,NRB,0
COc1cc(NC(=O)CC(=O)C)c(OC)cc1Cl,NRB,0
CON(C)C(=O)Nc1cc(Cl)c(Cl)cc1,NRB,0
CCO[P](=S)(OCC)Oc1nc(Cl)c(Cl)cc1Cl,NRB,0
Cc1ccccc1NC(N)=Nc1ccccc1C,NRB,0
OCC=Cc1ccccc1,RB,1
C(C1CO1)N(CC2CO2)c3ccc(Cc4ccc(cc4)N(CC5CO5)CC6CO6)cc3,NRB,0
Cc1cccc(C(C)c2ccccc2)c1C,NRB,0
C=CC(=O)OCCN1C(=O)N(CCOC(=O)C=C)C(=O)N(CCOC(=O)C=C)C1=O,NRB,0
CN(C)CCN(C)CCN(C)C,NRB,0
Cc1cc(O)c(C)c(C)c1O,NRB,0
CCC(=O)Nc1ccccc1,NRB,0
CCOP(=S)(OCC)Oc1cc(C)nc(n1)C(C)C,NRB,0
CC(=O)N,RB,1
N#CCc1ccccc1,RB,1
CC(C)(N=NC(C)(C)C#N)C#N,NRB,0
COC,NRB,0
Nc1ccc(C=Cc2ccc(N)cc2S(=O)(=O)O)c(c1)S(=O)(=O)O,NRB,0
CCc1cc2c(cc1)C(=O)c1ccccc1C2=O,NRB,0
OS(=O)(=O)c1ccccc1,RB,1
CCO[P](=S)(OCC)Oc1cc(C)nc(n1)C(C)C,NRB,0
CN(C)C(=S)S[Sn](c1ccccc1)(c2ccccc2)c3ccccc3,NRB,0
Cc1c(C)cccc1C,NRB,0
CCCCCC1C(CCC1=O)CC(=O)OC,RB,1
Oc1cc(O)c(cc1)C(=O)c1ccccc1,NRB,0
COC(=O)Nc1[nH]c2ccccc2n1,NRB,0
COc1c(OC)c(Cl)c(c(c1Cl)Cl)Cl,NRB,0
Clc1cc(Cl)c(cc1)C(Cl)(Cl)Cl,NRB,0
COC(=O)C(C)Oc1ccc(cc1)Oc1ccc(Cl)cc1Cl,RB,1
Cc1cc(N)c(C)cc1,NRB,0
COP(=S)(OC)Oc1ccc(c(C)c1)[N+](=O)[O-],NRB,0
c1cccc(C(N)CONC2C3N(C2=O)C(C(O)=O)C(C)(C)S3)c1,NRB,0
CCO[P](=S)(Oc1ccc(Cl)cc1Cl)c2ccccc2,NRB,0
CNCCCN,RB,1
Cc1ccccc1S(=O)(=O)N,NRB,0
NC(=O)N,RB,1
CC(C)(Oc1ccc(Cl)cc1)C(=O)OCC,RB,1
NNS(=O)(=O)c1ccc(cc1)Oc1ccc(cc1)S(=O)(=O)NN,NRB,0
CCC(=O)CCC,NRB,0
Cc1cccc(c1)[N+](=O)[O-],NRB,0
CC2COc3c(N1CCN(C)CC1)c(F)cc4c(=O)c(cn2c34)C(O)=O,NRB,0
COc1ccc(C)cc1N,NRB,0
CCCCO,RB,1
Clc1ccc(cc1)OCOCC#CI,NRB,0
Oc1ccc2c(c1/N=N/c1ccc(cc1)/N=N\c1ccccc1)cccc2,NRB,0
CCCCOC(=O)c1ccccc1C(=O)OCCCC,RB,1
ClC1=C(Cl)[C@@]2(Cl)[C@H]3[C@@H]4C[C@H](C=C4)[C@H]3[C@]1(Cl)C2(Cl)Cl,NRB,0
C=CCOC(=O)c1ccccc1C(=O)OCC=C,RB,1
OC(=O)c1cc(cc[n]1)C(O)=O,RB,1
Nc1ccc(cc1)N=Nc1ccccc1,NRB,0
CCc1c(Br)c(Br)c(Br)c(Br)c1Br,NRB,0
CCCCCCCCc1ccc(Nc2ccc(CCCCCCCC)cc2)cc1,NRB,0
CC(C)C12CCC(C)(C=C1)C3C2C(=O)OC3=O,NRB,0
CC(C)(C)OOC(=O)c1ccccc1,NRB,0
CCCCCCCC,RB,1
CC(=O)C(N=Nc1ccc(cc1Cl)c2ccc(N=NC(C(=O)C)C(=O)Nc3ccccc3C)c(Cl)c2)C(=O)Nc4ccccc4C,NRB,0
CC(C)(C)c1cc(C(O)=O)c(O)c(c1)C(C)(C)C,NRB,0
CC(C)C(C)=O,RB,1
ClCC1CO1,NRB,0
Oc1ccc(Cl)cc1Cc1ccccc1,RB,1
NC(CSSCC(N)C(O)=O)C(O)=O,RB,1
COc1cc(ccc1)[N+]([O-])=O,NRB,0
CCc1cccc(CC)c1,NRB,0
CC(CC(=O)CC)CC,RB,1
c1cccc2[n][nH][n]c21,NRB,0
Clc1ccc(c(c1)O)Oc1ccc(cc1Cl)Cl,NRB,0
CCCCCCCCCCCC[N+](C)(C)Cc1ccccc1,NRB,0
Oc1cccc(Br)c1,NRB,0
CC(C)(c1ccccc1)c1ccc(O)cc1,NRB,0
Nc1ccc(Cl)c(Cl)c1,NRB,0
N#CCCN(c1ccc(cc1)/N=N/c1nc2c(s1)c(Cl)cc(c2)Cl)CC,NRB,0
Nc1cccc(N)c1,NRB,0
CC(C)(c1ccc(O)cc1)c1ccc(O)cc1,NRB,0
OC(=O)C(O)(c1ccccc1)c1ccccc1,NRB,0
N[C@@H](CSSC[C@H](N)C(O)=O)C(O)=O,RB,1
CC(=O)C(N=Nc1ccc(cc1Cl)-c1cc(Cl)c(cc1)N=NC(C(=O)Nc1cc(OC)c(Cl)cc1OC)C(C)=O)C(=O)Nc1cc(OC)c(Cl)cc1OC,NRB,0
OCCN(S(=O)(=O)C(C(C(C(C(C(C(C(F)(F)F)(F)F)(F)F)(F)F)(F)F)(F)F)(F)F)(F)F)C,NRB,0
ClC1(Cl)C2(Cl)C3C4CC(C5OC54)C3C1(Cl)C(Cl)=C2Cl,NRB,0
CSc1ccc(O)cc1,NRB,0
Clc1c(Cl)c(Cl)c(C#N)c(C#N)c1Cl,NRB,0
CNC(=O)CC(=O)C,RB,1
CCCCCCCCCC(=O)O,RB,1
O[S](=O)(=O)c1cc(Cl)ccc1Oc2ccc(Cl)cc2NC(=O)Nc3ccc(Cl)c(Cl)c3,NRB,0
Nc1cc(ccc1)S(O)(=O)=O,NRB,0
OC(CO)C(O)C(O)C(O)CO,RB,1
CC(CC(C)(C)C)CC(C)(C)CC(C)(C)C,NRB,0
CCCCC(CC)C(=O)OCC(COC(=O)C(CC)CCCC)OC(=O)C(CC)CCCC,RB,1
C1C=CC2C3CC(C=C3)C21,NRB,0
ClC(Cl)C(Cl)Cl,NRB,0
CCS,NRB,0
O=C1CNC(=O)N1,RB,1
CC(=O)C(N=Nc1ccc(cc1Cl)c2ccc(N=NC(C(=O)C)C(=O)Nc3ccccc3)c(Cl)c2)C(=O)Nc4ccccc4,NRB,0
FC(F)(F)c1cc(ccc1)C(F)(F)F,NRB,0
CC(=O)CCc1ccccc1,NRB,0
Oc1ccc(Cc2ccc(O)cc2)cc1,NRB,0
COc2cnc(NS(=O)(=O)c1ccc(N)cc1)nc2,NRB,0
CC1CCC(CC=1)C(C)(C)O,RB,1
OC(=O)C(=O)O,NRB,0
CCCC[Sn](CCCC)CCCC,NRB,0
CCCCC(CC)COC(=O)C=CC(=O)OCC(CC)CCCC,RB,1
CC(=C)C(=O)OC1CCCCC1,RB,1
O=C1CCCCCCCCCCCN1,NRB,0
CCCCCCCCCCCC[N+](C)(C)[O-],RB,1
Clc1c(-c2c(Cl)c(Cl)c(Cl)c(Cl)c2Cl)c(Cl)c(Cl)c(Cl)c1Cl,NRB,0
Cc1cc(O)ccc1SC,NRB,0
Clc1ccc(Cl)cc1,NRB,0
Cc1cc(O)c(C)cc1,NRB,0
c1cccc2[nH]c3ccccc3c21,NRB,0
CC(Cl)(Cl)Cl,NRB,0
ClC(COCC(Cl)C(Cl)(Cl)Cl)C(Cl)(Cl)Cl,NRB,0
COC(=O)c1ccccc1C(=O)c1ccccc1,NRB,0
O=C1c2ccccc2C(=O)c3c4ccccc4ccc13,NRB,0
CCCCCCC(C)=O,RB,1
COC(=O)CCS,RB,1
CSSC,NRB,0
SC#N,NRB,0
CCCCC(CC)COC(=O)\C=C\C(=O)OCC(CC)CCCC,RB,1
ClC(Cl)C(Cl)C(Cl)Cl,NRB,0
Oc1ccc(Nc2ccccc2)c3C(=O)c4c(C(=O)c13)c(O)ccc4N(=O)=O,NRB,0
CC(C)(C)c1cccc(c1O)C(C)(C)C,NRB,0
Cc1c[n]ccc1,NRB,0
OC(=O)c1ccnc(c1)C(=O)O,RB,1
OCCCCO,RB,1
ClC1C=CC2C1C3(Cl)C(=C(Cl)C2(Cl)C3(Cl)Cl)Cl,NRB,0
Oc1ccccn1,RB,1
Nc1cc2c(cc1)cc(cc2O)S(O)(=O)=O,NRB,0
OC(=O)C=Cc1ccccc1,RB,1
Nc1c(N=Nc2ccc(cc2)S(=O)(=O)CCOS(=O)(=O)O)c(cc3cc(c(N=Nc4ccc(cc4)S(=O)(=O)CCOS(=O)(=O)O)c(O)c13)S(=O)(=O)O)S(=O)(=O)O,NRB,0
CC(=O)OCc1c[n]c(N)c(C#N)[n]1,RB,1
O=C1Nc2ccccc2CCc2ccccc21,RB,1
CCCC[Sn](CCCC)(CCCC)Oc1c(Cl)c(Cl)c(Cl)c(Cl)c1Cl,NRB,0
O=P(Oc1ccccc1)(Oc1ccccc1)Oc1ccccc1,RB,1
CCN(CCCC)C(=O)SCCC,RB,1
Clc1ccc(cc1)C(Cl)c1ccccc1,NRB,0
[O-][N+](=O)c1ccccc1C(O)=O,RB,1
CC(C)=CC1C(C(=O)OC2CC(=O)C(CC=C)=C2C)C1(C)C,NRB,0
C1C=CCCC1c1ccc(cc1)C1CCCC=C1,NRB,0
Cc1ccc(cc1S(=O)(=O)O)[N+](=O)[O-],NRB,0
Nc1c(Cl)cc(cc1[N+]([O-])=O)[N+]([O-])=O,NRB,0
c1ccncc1,RB,1
ClCCOCCOCCCl,NRB,0
O=C1NNC(=O)C=C1,NRB,0
NC(=O)N=NC(=O)N,NRB,0
BrCC(=O)OC\C=C\COC(=O)CBr,RB,1
CCNc1[n]c(Cl)[n]c(NC(C)C)[n]1,NRB,0
CNC(=O)CS[P](=S)(OC)OC,NRB,0
COc1ccc(N)c(c1)N(=O)=O,NRB,0
OC(=O)c1ccccc1C(=O)O,RB,1
CCNc1cccc2ccccc21,NRB,0
CCCCCCCCCCCCCCCCCCOP1OCC2(COP(OC2)OCCCCCCCCCCCCCCCCCC)CO1,RB,1
CC1CCC2C(C1)C(=O)OC2=O,NRB,0
C=Cc1ccc(CCl)cc1,NRB,0
Clc1cc(Cl)c2c(c1)c(=O)c1c([nH]2)c2C(=O)c3ccccc3C(=O)c2c(c1)Cl,NRB,0
CCC1CO1,RB,1
CCCCCCCCCCCCCCCC,NRB,0
CNS(=O)(=O)C(C(C(C(C(C(C(F)(F)F)(F)F)(F)F)(F)F)(F)F)(F)F)(F)F,NRB,0
BrCC(Br)COP(=O)(OCC(Br)CBr)OCC(Br)CBr,NRB,0
CC(CCO)CC(C)(C)C,NRB,0
Clc1ccc(c2c1C(=O)/C(=C\1/Sc3c(C1=O)c(Cl)ccc3Cl)/S2)Cl,NRB,0
O=C1OC(=O)C2CCCCC12,NRB,0
CCCCCCCC=C,NRB,0
CC(C)C1CCC2C(C=1)=CCC1C(C)(CCCC21C)C(O)=O,NRB,0
OC(=O)c1cccnc1C(=O)O,RB,1
COP(=O)OC,NRB,0
Nc1ccc2c(O)cc(cc2c1)[S](O)(=O)=O,NRB,0
C1CCCCC1NC1CCCCC1,RB,1
CCN(CC)c1ccc(C(=O)c2ccccc2C(=O)O)c(O)c1,NRB,0
Cc1ccccc1N(CC1CO1)CC1CO1,NRB,0
CNC(=O)Oc1cc(C)cc(C)c1,NRB,0
c1c[nH]cn1,RB,1
CC(Oc1cc(Cl)c(Cl)cc1Cl)C(O)=O,NRB,0
C=CCOC(=O)OCCOCCOC(=O)OCC=C,RB,1
Oc1ccc(Cl)cc1Cl,NRB,0
O=C1NC(=O)C2CC=CCC12,NRB,0
CN(C)c1cccc(c1)C(=O)O,NRB,0
Oc1c(Cl)cc(Cl)c2ccccc12,NRB,0
Oc1c(O)cccc1O,RB,1
CC(N)=O,RB,1
Nc1cc(Cl)cc(C(=O)O)c1Cl,NRB,0
CCCCC(CC)CO[P](O)(=O)CC(CC)CCCC,NRB,0
Cl[Si](c1ccccc1)(c1ccccc1)c1ccccc1,NRB,0
CN(C)CCN,NRB,0
OC(=O)C=O,RB,1
ClC(Cl)C(Cl)(Cl)SN1C(=O)C2CC=CCC2C1=O,NRB,0
O=C1c2c(cccc2C(=O)c2c1cccc2)Nc1ccc(cc1)S(=O)(=O)c1ccccc1,NRB,0
CCCCCCCC(=O)O,RB,1
CN(C)C(=O)Nc1ccc(Cl)c(Cl)c1,NRB,0
OCS(=O)(=O)O,RB,1
C=Cc1ccccc1,RB,1
O=C1C=CC(=O)c2ccccc12,NRB,0
C=CC#N,RB,1
c1ccccc1Oc1ccccc1,RB,1
CCCCCCCCCCCCCC(=O)OCCCCCCCCCCCCCCCC,RB,1
Cc1ccc(cc1)C(C)=O,RB,1
Cc1c(Br)c(Br)c(Br)c(Br)c1Br,NRB,0
CCCCCCCC\C=C/CCCCCCCCOC(=O)CCCCC(=O)OCCCCCCCC\C=C/CCCCCCCC,RB,1
C=CCN(c1cc(NC(=O)C)c(cc1OC)/N=N/c1c(Br)cc(cc1[N+](=O)[O-])[N+](=O)[O-])Cc1ccccc1,NRB,0
CC(Br)C(=O)NC1=C(C)N(C)N(C1=O)c2ccccc2,NRB,0
Clc1ccc(cc1)[S](=O)(=O)c2ccc(Cl)cc2,NRB,0
CCCCCCCCOc1ccc(C(=O)c2ccccc2)c(O)c1,NRB,0
N#CCCN(c1ccc(cc1)/N=N/c1sc2c(n1)cc(c(c2)Cl)Cl)CCOC(=O)C,NRB,0
C1COCCN1,NRB,0
CC(O)COCC(C)O,NRB,0
CC(C)(CO)C(=O)OCC(C)(C)CO,NRB,0
CCCCCCCCC=CCCCCCCCCCCCC(=O)N,RB,1
CN(C)C(=O)Nc1ccc(C)c(Cl)c1,NRB,0
CCCCCCCCCCCC(=O)N(CCO)CCO,RB,1
FC(=C(F)OC(F)(F)C(F)(F)C(F)(F)F)F,NRB,0
C[C@@H]1CC[C@]2([C@@H]([C@H]1C)C1=CC[C@H]3[C@@]([C@@]1(CC2)C)(C)CC[C@@H]1[C@]3(C)CC[C@@H](C1(C)C)O)C(=O)O,NRB,0
CC(C)C1=CCC(=CC1)C,RB,1
OC(=O)c1ccc[n]c1,RB,1
CCCCCNCCCCC,RB,1
C(OP(OCc1ccccc1)OCc1ccccc1)c1ccccc1,RB,1
CCCCCCCCC=CCCCCCCCC(=O)OCCCC,RB,1
Nc1c(cc(cc1Cl)-c1cc(Cl)c(N)c(c1)S(O)(=O)=O)S(O)(=O)=O,NRB,0
CC1=CC(C)(C)Nc2ccc(cc12)OCC,NRB,0
CCC(CCC(C(CC(C(C(CCl)Cl)Cl)Cl)Cl)Cl)Cl,NRB,0
C[Si]1(C)O[Si](C)(C)O[Si](C)(C)O[Si](O[Si](O1)(C)C)(C)C,NRB,0
Cc1cccc(Cc2ccccc2)c1Cc3ccccc3,NRB,0
OC(=O)c1c(Cl)cccc1Cl,NRB,0
Oc1cc(Cl)ccc1,NRB,0
OC(=O)C1CC=CCC1C(O)=O,NRB,0
CCCCC(CC)C(=O)OCC(COC(=O)C(CCCC)CC)(COC(=O)C(CCCC)CC)COC(=O)C(CCCC)CC,NRB,0
Sc1[n]c2ccccc2[s]1,RB,1
S=C(NC1CCCCC1)NC2CCCCC2,NRB,0
CN(C(=O)C)c1ccccc1,NRB,0
O=C(Oc1cccc2ccc[n]c21)c1ccccc1,RB,1
Cc1cc(cc(c1O)Br)C1(OS(=O)(=O)c2c1cccc2)c1cc(C)c(c(c1)Br)O,NRB,0
[O-][N+](=O)c1ccc2[nH]cnc2c1,NRB,0
OCCNCCO,RB,1
[O-][N+](=O)c1ccc(cc1)C(O)=O,RB,1
NC(CC(O)=O)C(O)=O,RB,1
COc1ccc(cc1)[N+]([O-])=O,NRB,0
Nc1ccc(Cc2ccc(N)cc2)cc1,NRB,0
CCCCCCCCCCCCCCCCCCNC(=O)C(O)C(O)C(O)C(O)CO,NRB,0
C[n]1cccc1,RB,1
CCCCCCCCCCO,RB,1
CCCCCCC(C)Nc1ccc(Nc2ccccc2)cc1,NRB,0
O=C(c1cc2ccccc2c(c1O)N=Nc1ccc(cc1[N+](=O)[O-])[N+](=O)[O-])Nc1ccccc1,NRB,0
C=Cc1ccc(cc1)C=C,NRB,0
Oc1cccc2c1C(=O)c1ccccc1C2=O,NRB,0
O=C1c2ccccc2C(=O)c3c1ccc4ccccc34,NRB,0
Cc1cc(N)c(cc1Cl)S(=O)(=O)O,NRB,0
CNC(=O)CSP(=S)(OC)OC,NRB,0
CC(=O)CC(=O)c1ccccc1,RB,1
O=C1NC(=O)C(N1)(c1ccccc1)c1ccccc1,NRB,0
CCCCN(C)C(=O)Nc1ccc(Cl)c(Cl)c1,NRB,0
C(CCOCC1CO1)COCC2CO2,NRB,0
Clc1c(Cl)c(Cl)c2C(=O)OC(=O)c2c1Cl,NRB,0
CCCCCCCCCCCCCCCCCCCCCCCCCC,RB,1
CN(C)c1ccccc1,NRB,0
CC(=C)c1ccc(Cl)cc1,NRB,0
Oc1cc(Cl)ccc1Cl,NRB,0
CC1CC(=O)N(N=1)c1cc(Cl)c(cc1Cl)S(O)(=O)=O,NRB,0
CCCCCO[P](=O)(OCCCCC)OCCCCC,NRB,0
[O-][N+](=O)c1ccccc1Cl,NRB,0
CCCCCCCCCCCC[N+](C)(C)CC(=O)[O-],RB,1
CCCCCCCCC,RB,1
NN,NRB,0
CCCCCCCCCCCCCCCCCCOS(O)(=O)=O,RB,1
CC(C)(O)C(Cl)(Cl)Cl,NRB,0
CCCCCCCCc1ccccc1Nc2ccccc2CCCCCCCC,NRB,0
CCOP(=S)(S)OCC,NRB,0
CCOC(N)=O,NRB,0
OCC1CC2C3CC(CO)C(C3)C2C1,NRB,0
CC(C)(C)CC(C)(C)c1ccc(O)cc1,NRB,0
CC1CC2C(CC=1)C(=O)OC2=O,NRB,0
NNC(=O)CCCCC(=O)NN,NRB,0
NC(=N)S(O)=O,RB,1
[O-][N+](=O)CCCCCC(O)=O,RB,1
CC=O,RB,1
COc1ccc(CC=C)cc1OC,RB,1
CCCCCCCCCCCCc1ccc(N)cc1,RB,1
OC[C@@H](O)[C@@H](O)[C@H](O)[C@H](O)CO,RB,1
Cc1ccc(c(O)c1)[N+]([O-])=O,NRB,0
CCC,RB,1
OC(=O)c1ccc(cc1)C(=O)O,RB,1
O=C1CCCCC1C1CCCCC=1,NRB,0
ClCCOCCCl,NRB,0
Cc1cc(N)c(cc1Cl)S(O)(=O)=O,NRB,0
NCC1CC(CCC1)CN,NRB,0
CCCCCCCCc1ccc(N)cc1,RB,1
Oc1cccc(c1)C(O)=O,RB,1
Clc1cccc(c1)CCCc1ccccn1,NRB,0
Oc1ccc(Cl)cc1Cc2ccccc2,RB,1
Cc1cc(Cl)ccc1OCC(=O)O,NRB,0
c1ccc2[nH]nnc2c1,NRB,0
COc1cccc(c1)C(=O)O,RB,1
O=C(c1ccccc1)c2ccccc2,NRB,0
Oc1ccccc1Cl,NRB,0
Nc1ccc(cc1)C(=O)O,RB,1
CCC(=O)c1ccccc1,RB,1
CCCCOCCO,RB,1
Cc1[nH]ccn1,NRB,0
CCCCCCCCCCCCCCCCCCCCCC(=O)O,NRB,0
COCCCNc1nc(NCCCOC)c(c(c1/N=N/c1ccc(cc1Cl)/N=N/c1ccccc1)C)C#N,NRB,0
Nc1ccc2ccccc2c1S(=O)(=O)O,NRB,0
Cc1ncc(N(=O)=O)n1CCO,NRB,0
NC(=O)OCC(C)(CCC)COC(=O)N,NRB,0
c1c2c3ccccc3ccc2cc2c3ccccc3ccc21,NRB,0
Clc1cc(cc(c1Cl)Cl)c1cc(Cl)c(c(c1)Cl)Cl,NRB,0
CC(C)(C)CCCCCC(=O)OCC1CO1,NRB,0
COCCNc1nc(NCCOC)c(c(c1/N=N/c1cc(OC)c(cc1OC)/N=N/c1c(Cl)cc(cc1Cl)[N+](=O)[O-])C)C#N,NRB,0
COCC(C)O,RB,1
Nc1c(Cl)cc(cc1[S](O)(=O)=O)c2cc(Cl)c(N)c(c2)[S](O)(=O)=O,NRB,0
NC(=O)c1c(Cl)cccc1Cl,NRB,0
COc1ccccc1,RB,1
CC(=C)C(=O)OCCO,RB,1
CC(C)Nc1ccc(NC(C)C)c2C(=O)c3ccccc3C(=O)c12,NRB,0
CO[P](=S)(OC)Oc1ccc(cc1)C#N,NRB,0
OC(=O)c1cc(O)c(O)c(O)c1,RB,1
CCCC(CCC)C(O)=O,RB,1
OC(=O)c1cccc(c1)C(=O)O,RB,1
CCCCOC(=O)CCCCC(=O)OCCCC,RB,1
CC(C)c1cc2ccccc2c(C(C)C)c1C(C)C,NRB,0
N#CC(c1ccccc1)c1ccccc1,NRB,0
CC(C)CCO,RB,1
CCCCC,RB,1
OCC(COCC(CO)(CO)CO)(CO)CO,NRB,0
OC[C@@H](O)[C@H](O)[C@@H](O)CO,RB,1
ClC(C(Cl)Cl)C(Cl)Cl,NRB,0
CCNc1nc(NC(C)C)nc(SC)n1,NRB,0
O=Cc1cc(ccc1)Oc1ccccc1,NRB,0
CC(C)O,RB,1
CNc1ccc(cc1)C(O)=O,NRB,0
OC(=O)C(Br)C(Br)C(O)=O,NRB,0
FC(F)Cl,NRB,0
OS(=O)(=O)c1ccc(C=C)cc1,NRB,0
OCC(O)CO,RB,1
CCOC(=O)c1cccc(O)c1,RB,1
Nc1ccc(Cc2ccc(N)c(Cl)c2Cl)c(Cl)c1Cl,NRB,0
Cc1cccc(OP(=O)(Oc2cccc(C)c2)Oc3cccc(C)c3)c1,NRB,0
CCOC(=O)c1ccccc1O,RB,1
CCCCCCO,RB,1
CCO[P](=S)(OCC)O\N=C(/C#N)c1ccccc1,NRB,0
CCCCCCOC(=O)C=C,RB,1
CC(C)(C)c1cc(Cc2cc(c(O)c(c2)C(C)(C)C)C(C)(C)C)cc(c1O)C(C)(C)C,NRB,0
O=CC=O,RB,1
CC(=O)CC(=O)NC,RB,1
ClCC(Cl)(Cl)CCl,NRB,0
CCCCOC(=O)C(=C)C,RB,1
O=C1c2ccccc2C(=O)C(Cl)=C1Cl,NRB,0
O=[S]1(=O)CCCC1,NRB,0
O=C1C2CC=CCC2C(=O)N1SC(Cl)(Cl)C(Cl)Cl,NRB,0
CC1=CC(=O)N=C(N1)C(C)C,NRB,0
O=C(Nc1ccc(Cc2ccc(NC(=O)N3CC3)cc2)cc1)N4CC4,NRB,0
CC#N,RB,1
COc1ccc(C=O)cc1,RB,1
CCCCC(CC)CO[P](=O)(OCC(CC)CCCC)OCC(CC)CCCC,NRB,0
Cc1cc(N)cc(C)c1,NRB,0
CCCCC(CC)COC(=O)C(C)=C,RB,1
CN(C)c1ccc(cc1)C2(OC(=O)c3cc(ccc23)N(C)C)c4ccc(cc4)N(C)C,NRB,0
OC(=O)COc1ccc(Cl)cc1Cl,NRB,0
[O-][N+](=O)c1ccc(Cl)c(c1)[N+](=O)[O-],NRB,0
CC(=O)CO,RB,1
OCCc1ccccc1,RB,1
Oc1cccc2c(O)c(ccc12)N=Nc3cc(Cl)cc(c3O)S(=O)(=O)O,NRB,0
c1cccc2Sc3ccccc3Sc21,NRB,0
CCCCCCI,RB,1
C1COCCO1,NRB,0
Brc1ccc(cc1)NC(=O)c1cc(Br)cc(c1O)Br,NRB,0
COc1ccc(c(O)c1)C(=O)c2ccccc2,NRB,0
NCc1cccc(CN)c1,NRB,0
COc1cc(ccc1)OC,RB,1
N(c1ccc(Nc2ccc3ccccc3c2)cc1)c4ccc5ccccc5c4,NRB,0
C=CCCCCCCCCCCCCCCCCCCCCC(O)=O,RB,1
CCCCOC(=O)C=C,RB,1
Cc1ccccc1OP(=O)(Oc1ccccc1C)Oc1ccccc1C,RB,1
C=CC1CC=CCC1,NRB,0
[O-][N+](=O)c1ccc(Oc2ccc(Cl)cc2Cl)cc1,NRB,0
CCCCCCCCOCCCCCCCC,RB,1
Cc1ccc(C#N)c(O)[n]1,RB,1
O=C(CBr)OCC=CCOC(=O)CBr,RB,1
O=P(Oc1ccccc1)(Oc2ccccc2)Oc3ccccc3,RB,1
CCc1ccccc1CC,NRB,0
CC(=O)OCC(CO)OC(C)=O,RB,1
CCCCCCCCCCCC(=O)OC,RB,1
CC(C)COC(=O)C,RB,1
C#CC1(CCCCC1)OC(N)=O,RB,1
O=S(=O)(Cl)Cc1ccccc1,RB,1
[O-][N+](=O)c1ccc(cc1)S(O)(=O)=O,NRB,0
COCCNc1nc(NCCOC)c(c(c1/N=N/c1cccc2c1C(=O)c1ccccc1C2=O)C)C#N,NRB,0
O=NN1CN2CN(CN(C2)N=O)C1,RB,1
OC(=O)CCl,RB,1
Cc1ccc(N)c(C)c1,NRB,0
Nc1ccccc1,RB,1
Cc1ccc(C(C)C)c(O)c1,NRB,0
CC(=O)OC(OC(C)=O)C=C,RB,1
Clc1ccc(NC(=O)Nc2ccc(Cl)c(Cl)c2)cc1,NRB,0
O=N(=O)c1cc(ccc1Nc2ccccc2)S(=O)(=O)Nc3ccccc3,NRB,0
O(c1ccccc1)c2nc(Oc3ccccc3)nc(Oc4ccccc4)n2,NRB,0
CC(C)Nc1ccc(cc1)Nc1ccccc1,NRB,0
CC(C)(C(O)=O)c1ccc(cc1)C(O)CCCN2CCC(CC2)C(O)(c3ccccc3)c4ccccc4,NRB,0
CCCCCCCCCCCC(=O)O[Sn](CCCC)(CCCC)CCCC,NRB,0
c1c(ccc2ccccc21)Nc1ccccc1,NRB,0
CCCCC(CC)C(=O)OC(COC(=O)C(CCCC)CC)COC(=O)C(CCCC)CC,RB,1
CCCCCC(=O)OC=C,RB,1
CCc1ccccc1c2ccccc2CC,NRB,0
CCSC(=O)N(CC)C1CCCCC1,NRB,0
Oc1ccc(cc1)S(=O)(=O)c1ccc(O)cc1,NRB,0
CCC=CCC=CCC=CCCCCCCCC(O)=O,RB,1
ClC1=C(Cl)[C@]2(Cl)[C@@H]3[C@@H]4C[C@@H](C=C4)[C@@H]3[C@@]1(Cl)C2(Cl)Cl,NRB,0
CCCCCCC=CCCCCCCCc1cccc(O)c1,RB,1
CCCCCCN,RB,1
CCCCCCCCCc1ccc(OP(Oc2ccc(CCCCCCCCC)cc2)Oc3ccc(CCCCCCCCC)cc3)cc1,NRB,0
CCC1CCCCC1,NRB,0
CC(C)(C#N)N=NC(C)(C)C#N,NRB,0
Clc1cccc(c1)c2c(Cl)c(Cl)c(Cl)c(Cl)c2Cl,NRB,0
ClC(c1ccccc1)(c2ccccc2)c3ccccc3,NRB,0
CCCCCCCCCCCCCCCCCC(=O)NCO,RB,1
COc1ccccc1[N+]([O-])=O,NRB,0
OC[C@H](O)[C@@H](O)[C@H](O)[C@H](O)CO,RB,1
Clc1ccc(cc1)-c1ccccc1,RB,1
c1c(cccc1-c1[n]cco1)-c1[n]cco1,NRB,0
CCC(=O)Nc1ccc(Cl)c(Cl)c1,NRB,0
CCCCCCCCCC(=O)N(CCO)CCO,RB,1
CCCN(CCC)c1c(cc(cc1[N+](=O)[O-])S(=O)(=O)C)[N+](=O)[O-],NRB,0
CC(C)COC(C)=O,RB,1
CC(C)CC(C)Nc1ccc(Nc2ccccc2)cc1,NRB,0
CC(=CCCC(=O)C)C,RB,1
CC(C)c1cccc(C)c1,NRB,0
c1(N(C(=O)C)CC(O)CO)c(I)c(C(=O)NCC(O)CO)c(I)c(C(=O)NCC(O)CO)c1I,NRB,0
CC(C)C=O,RB,1
Oc1c(Br)cc(Br)cc1Br,RB,1
CC(C)Br,RB,1
Cc1cc2Oc3cc(ccc3C3(OC(=O)c4ccccc34)c2cc1Nc1ccccc1)N(C)C1CCCCC1,NRB,0
Cc1cc(NC(=O)Nc2ccc(N=Nc3cc(c4cccc(c4c3)S(=O)(=O)O)S(=O)(=O)O)c(C)c2)ccc1N=Nc5cc(c6cccc(c6c5)S(=O)(=O)O)S(=O)(=O)O,NRB,0
CC(C)CC(C)(N=NC(C)(CC(C)C)C#N)C#N,NRB,0
Clc1cccc(C=C)c1,NRB,0
CCOP(=S)(Oc1ccc(Cl)cc1Cl)c2ccccc2,NRB,0
Oc1cc(Cl)c(Cl)cc1Cl,NRB,0
Clc1ccc(c(c1)C)NC(=O)c1cc2ccccc2cc1O,NRB,0
OC(=O)CN(CC(=O)O)CC(=O)O,NRB,0
NNS(=O)(=O)c1ccc(Oc2ccc(cc2)S(=O)(=O)NN)cc1,NRB,0
CCCCCCCCCCCCCCCCCCO,RB,1
Cc1cccc(Oc2ccccc2)c1,NRB,0
CCc1ccc(C=C)cc1,NRB,0
CCOP(=S)(ON=C(C#N)c1ccccc1)OCC,NRB,0
[O-][N+](=O)c1ccc(Oc2c(Cl)cc(Cl)cc2Cl)cc1,NRB,0
CC(=CC1C(C(=O)OC2CC(=O)C(=C2C)CC=C)C1(C)C)C,NRB,0
Clc1cc2Oc3cc(Cl)c(Cl)cc3Oc2cc1Cl,NRB,0
COc1ccc(cc1)C(c1ccc(cc1)OC)(c1ccccc1)OC[C@H]1O[C@H](C[C@@H]1O)n1cnc2c1ncnc2NC(=O)c1ccccc1,NRB,0
Cc1cc(C)[n]cc1,RB,1
CC(CC)NC(C)CC,NRB,0
P1(=O)(NCCCl)N(CCCl)CCCO1,NRB,0
Nc1ccccn1,NRB,0
NC(=N)N[N+]([O-])=O,NRB,0
FC(F)(F)C(Cl)Cl,NRB,0
Clc1c(Cl)c(Cl)c(Cl)c(Cl)c1Cl,NRB,0
CCCCOC(C)=O,RB,1
Oc1ccc(cc1)C(=O)c1ccc(O)c(O)c1O,NRB,0
Cc1cc(C)cc(N)c1,NRB,0
Oc1c(Cl)c(Cl)c(Cl)c(Cl)c1Cl,NRB,0
Clc1ccc(OCOCC#CI)cc1,NRB,0
CCCN(CCC)c1c(cc(cc1[N+](=O)[O-])S(=O)(=O)N)[N+](=O)[O-],NRB,0
CCCCCCCCC=CCCCCCCCCCCCC(N)=O,RB,1
Nc1ccc(cc1)[N+]([O-])=O,NRB,0
Cc1cc(C)cc(O[P](=O)(Oc2cc(C)cc(C)c2)Oc3cc(C)cc(C)c3)c1,NRB,0
c1ccc2c(c1)sc3ccccc23,NRB,0
Sc1ccccc1,NRB,0
CCCCOP(=O)(OCCCC)OCCCC,NRB,0
