,SMILES,InChI,EndPt,ReadyBiodeg,dist
0,CCNc1nc(Cl)nc(NC(C)C)n1,MXWJVTOOROXGIU-UHFFFAOYSA-N,NRB,0,5.432756015156141
1,CCCN(c1ccc(c(c1)NS(=O)(=O)C)/N=N/c1c(Br)cc(cc1C#N)C)CCC,PRJALBAUHIQRTE-OCOZRVBESA-N,NRB,0,8.524929680416472
2,C=C(Cl)CO,OSCXYTRISGREIM-UHFFFAOYSA-N,RB,1,2.6293173371151446
3,COC(=O)C=C,BAPJBEWLBFYGME-UHFFFAOYSA-N,RB,1,2.793450628496982
4,OC(=O)C(O)(c1ccccc1)c2ccccc2,UKXSKSHDVLQNKG-UHFFFAOYSA-N,NRB,0,6.165863282598039
5,OCCNCCNc2ccc(NCCNCCO)c3C(=O)c1c(O)ccc(O)c1C(=O)c23,KKZJGLLVHKMTCM-UHFFFAOYSA-N,NRB,0,15.192902793423341
6,CCOC(=O)CC(S[P](=S)(OC)OC)C(=O)OCC,JXSJBGJIGXNWCI-UHFFFAOYSA-N,NRB,0,6.287596295198785
7,Oc1c(Cl)cc(Cl)cc1Cl,LINPIYWFGCPVIE-UHFFFAOYSA-N,RB,1,2.604139427022042
8,Nc1cccc2c(N)cccc12,KQSABULTKYLFEV-UHFFFAOYSA-N,NRB,0,3.9994581409924943
9,ClC(c1ccccc1)c2ccc(Cl)cc2,ALKWTKGPKKAZMN-UHFFFAOYSA-N,NRB,0,3.806271791179045
10,Cc1cc(c(N)cc1Cl)S(=O)(=O)O,VRLPHBSFRWMMPW-UHFFFAOYSA-N,NRB,0,3.8612055246678842
11,CCCCCCCCCCCCCCO,HLZKNKRTKFSKGZ-UHFFFAOYSA-N,RB,1,1.0163838148608104
12,CCCCCCC(=O)C,ZPVFWPFBNIEHGJ-UHFFFAOYSA-N,RB,1,1.8581491218232538
13,CCCC,IJDNQMDRQITEOD-UHFFFAOYSA-N,RB,1,1.3848055722501087
14,C=CCN(c1cc(NC(=O)C)c(cc1OC)/N=N/c1c(Br)cc(cc1[N+](=O)[O-])[N+](=O)[O-])CCC#N,WUAQCCUTLFMZFP-OCEACIFDSA-N,NRB,0,7.826051745447618
15,CCCCC\C=C/C/C=C\CCCCCCCC(O)=O,OYHQOLUKZRVURQ-HZJYTTRNSA-N,RB,1,3.352636508134397
16,CC(O)COCC(C)O,AZUXKVXMJOIAOF-UHFFFAOYSA-N,NRB,0,2.946804052036933
17,c1ccccc1N=Nc1ccccc1,DMLAVOWQYNRWNQ-UHFFFAOYSA-N,NRB,0,5.920296397177129
18,CCCCOCCO,POAOYUHQDCAZBD-UHFFFAOYSA-N,RB,1,2.274282067320638
19,Clc1c(Cl)c(Cl)c2C(=O)NC(=O)c2c1Cl,LPUUYZVKCMCHLO-UHFFFAOYSA-N,NRB,0,8.72108408887667
20,Clc1cccc(Cl)c1,ZPQOPVIELGIULI-UHFFFAOYSA-N,NRB,0,2.2019742542818324
21,CCCCC(CC)COC(=O)c1ccc(C(=O)OCC(CC)CCCC)c(c1)C(=O)OCC(CC)CCCC,KRADHMIOFJQKEZ-UHFFFAOYSA-N,NRB,0,7.119767398037427
22,ClCc1ccc(Cl)cc1,JQZAEUFPPSRDOP-UHFFFAOYSA-N,NRB,0,2.0904150557358894
23,CCOc1ccccc1,DLRJIFUOBPOJNS-UHFFFAOYSA-N,RB,1,4.033672934900711
24,CCOc1cc(N=Nc2c(Br)cc(cc2N(=O)=O)N(=O)=O)c(c(c1)N(CCOC(=O)C)CCOC(=O)C)NC(=O)C,CXGBNTZHEOCOEN-UHFFFAOYSA-N,NRB,0,9.160294440463913
25,ClC1=C(Cl)[C@@]2(Cl)[C@H]3[C@H]4C[C@H]([C@@H]5O[C@H]45)[C@H]3[C@]1(Cl)C2(Cl)Cl,DFBKLUNHFCTMDC-PICURKEMSA-N,NRB,0,6.230723333113493
26,Br\C=C\c1ccccc1,YMOONIIMQBGTDU-VOTSOKGWSA-N,NRB,0,1.5966752248085372
27,Clc1ccc(cc1Cl)c2ccccc2,ZGHQUYZPMWMLBM-UHFFFAOYSA-N,NRB,0,3.625780149671432
28,CCOc1ccc(cc1)/N=N/c1ccc(c2c1cccc2)O,JSEYDVLGSMLKDL-FMQUCBEESA-N,NRB,0,4.730507454464418
29,O=C1NC(=O)C(N1)(c2ccccc2)c3ccccc3,CXOFVDLJLONNDW-UHFFFAOYSA-N,NRB,0,9.94298693930436
30,COc1cc(N=Nc2ccccc2OC)c(cc1N=Nc1ccc(cc1)O)C,HCIDJVSSBKXSRX-UHFFFAOYSA-N,NRB,0,8.955829444008229
31,CCl,NEHMKBQYUWJMIP-UHFFFAOYSA-N,NRB,0,2.967439425954782
32,CC(=O)OCc1c[n]c(N)c(C#N)[n]1,IMLOZVNPFFXWAQ-UHFFFAOYSA-N,RB,1,9.304709623865607
33,CC(=CC1C(C(=O)OCc2coc(Cc3ccccc3)c2)C1(C)C)C,VEMKTZHHVJILDY-UHFFFAOYSA-N,NRB,0,14.159525861448087
34,CCCCN[S](=O)(=O)c1ccccc1,IPRJXAGUEGOFGG-UHFFFAOYSA-N,NRB,0,6.189350327345351
35,[O-][N+](=O)c1ccc(C=O)o1,SXINBFXPADXIEY-UHFFFAOYSA-N,RB,1,12.687962905786208
36,CC(C)CC(O)=O,GWYFCOCPABKNJV-UHFFFAOYSA-N,RB,1,2.2745702637956415
37,Cc1ccccc1O,QWVGKYWNOKOFNN-UHFFFAOYSA-N,RB,1,2.9731755298514386
38,CNN,HDZGCSFEDULWCS-UHFFFAOYSA-N,NRB,0,10.678717723556709
39,Nc1ccc(N=Nc2ccc(cc2)c3ccc(cc3)N=Nc4c(N)c5c(O)c(N=Nc6ccccc6)c(cc5cc4S(=O)(=O)O)S(=O)(=O)O)c(N)c1,ATFARZXNCCWOKJ-UHFFFAOYSA-N,NRB,0,19.02346954573051
40,O=C1CCO1,VEZXCJBBBCKRPI-UHFFFAOYSA-N,RB,1,3.6846620888189734
41,CCCCC(=O)O,NQPDZGIKBAWPEJ-UHFFFAOYSA-N,RB,1,1.9053403416535073
42,CC(=O)Oc1c2c(cccc2cc2cccc(OC(C)=O)c21)OC(C)=O,IPWOSICBVUXMML-UHFFFAOYSA-N,NRB,0,10.073072220603182
43,ClC1C(Br)C(Br)C(Br)C(Br)C1Br,UZOSVZSBPTTWIG-UHFFFAOYSA-N,NRB,0,6.401922250743685
44,CC(C)(C)OCCO,BDLXTDLGTWNUFM-UHFFFAOYSA-N,NRB,0,2.4302025101642215
45,CC(O)COC(=O)C(C)=C,VHSHLMUCYSAUQU-UHFFFAOYSA-N,RB,1,2.2409860809678155
46,CC(=C)C(=O)OCCOCCOC(=O)C(=C)C,XFCMNSHQOZQILR-UHFFFAOYSA-N,RB,1,4.240048488158224
47,CCCCCCCCCCCCCCCC/C=C/C1CC(=O)OC1=O,KAYAKFYASWYOEB-ISLYRVAYSA-N,NRB,0,4.212609358571573
48,C(Cc1ccccc1)c1ccccc1,QWUWMCYKGHVNAV-UHFFFAOYSA-N,RB,1,3.177519488772788
49,Cc1cc(Cl)ccc1O,RHPUJHQBPORFGV-UHFFFAOYSA-N,NRB,0,2.1319706858472034
50,CC1NC(=O)N(C(=O)C=1Cl)C(C)(C)C,NBQCNZYJJMBDKY-UHFFFAOYSA-N,NRB,0,7.9307335439937034
51,NN,OAKJQQAXSVQMHS-UHFFFAOYSA-N,NRB,0,13.377159786447294
52,CC1(C)[C@@H]2CC[C@@]1(C)[C@@H](O)C2,DTGKSKDOIYIVQL-WEDXCCLWSA-N,RB,1,3.317974881653932
53,OC(=O)c1ccccn1,SIOXPEMLGUPBBT-UHFFFAOYSA-N,RB,1,4.440885451306088
54,OCCN1C(=O)N(CCO)C(=O)N(CCO)C1=O,BPXVHIRIPLPOPT-UHFFFAOYSA-N,NRB,0,10.924773176498183
55,Nc1ccc(Cc2ccc(N)c(Cl)c2Cl)c(Cl)c1Cl,PPUHQXZSLCCTAN-UHFFFAOYSA-N,NRB,0,6.912355959504974
56,C1OC1c2ccccc2,AWMVMTVKBNGEAK-UHFFFAOYSA-N,RB,1,3.6988161292423603
57,CC(C)(C)O,DKGAVHZHDRPRBM-UHFFFAOYSA-N,NRB,0,30.59227776910051
58,COc2ccc1cc(ccc1c2)C(C)C(O)=O,CMWTZPSULFXXJA-UHFFFAOYSA-N,NRB,0,5.263230604328854
59,Cc1cc(NC(=O)Nc2ccc(N=Nc3cc(c4cccc(c4c3)S(=O)(=O)O)S(=O)(=O)O)c(C)c2)ccc1N=Nc5cc(c6cccc(c6c5)S(=O)(=O)O)S(=O)(=O)O,XFUDRSZJCBDNPN-UHFFFAOYSA-N,NRB,0,17.9432372041537
60,COc1cc(/N=N/c2ccc(cc2[N+](=O)[O-])[N+](=O)[O-])c(cc1N(Cc1ccccc1)CCOC(=O)C)NC(=O)C,JNVFJTYCXXHXEF-ZQHSETAFSA-N,NRB,0,7.4311983727214015
61,CC1COC(=O)O1,RUOJZAUFBMNUDX-UHFFFAOYSA-N,RB,1,5.856372109336939
62,CCc1ccc(cc1)c2cccc(CC)c2,NUAIFBPKRPFHSW-UHFFFAOYSA-N,NRB,0,2.490880307035209
63,Nc1ccc(Cc2ccc(N)cc2)cc1,YBRVSVVVWCFQMG-UHFFFAOYSA-N,NRB,0,4.5132478902901125
64,CC(C)[C@@H]1CC[C@@H](C)C[C@H]1O,NOOLISFMXDJSKH-KXUCPTDWSA-N,NRB,0,3.801710079808643
65,CCCCCCCCCCCCCOP(Oc1ccccc1)Oc2ccccc2,OGVJEUDMQQIAPV-UHFFFAOYSA-N,NRB,0,8.269841325414216
66,CC(=O)c1ccccc1,KWOLFJPFCHCOCG-UHFFFAOYSA-N,RB,1,3.2086632399215547
67,COc1cccc(OC)c1,DPZNOMCNRMUKPS-UHFFFAOYSA-N,RB,1,3.742496171533585
68,Brc1ccc(c(Br)c1Br)c2ccc(Br)c(Br)c2Br,PTJQVJQAZSLKJO-UHFFFAOYSA-N,NRB,0,5.8831564300205725
69,Nc1ccc(c2ccccc12)S(=O)(=O)O,NRZRRZAVMCAKEP-UHFFFAOYSA-N,NRB,0,3.2240206358172103
70,OC(=O)c1c(Cl)ccc(Cl)c1Cl,XZIDTOHMJBOSOX-UHFFFAOYSA-N,NRB,0,2.7036950705457876
71,COc1ccc(N)c(c1)[N+]([O-])=O,QFMJFXFXQAFGBO-UHFFFAOYSA-N,NRB,0,5.373525101248802
72,OC(=O)CC(O)(CC(O)=O)C(O)=O,KRKNYBCHXYNGOX-UHFFFAOYSA-N,RB,1,6.224483541169023
73,CCN(CC)c1ccc2c(Oc3cc(ccc3C24OC(=O)c5ccccc45)N(CC)CC)c1,DZNJMLVCIZGWSC-UHFFFAOYSA-N,NRB,0,11.116454224341075
74,COC(C)CCO,JSGVZVOGOQILFM-UHFFFAOYSA-N,RB,1,2.441643749491137
75,O=C1CCCCCN1,JBKVHLHDHHXQEQ-UHFFFAOYSA-N,RB,1,4.7886668040433795
76,Nc1n[nH]c(S)n1,WZUUZPAYWFIBDF-UHFFFAOYSA-N,NRB,0,12.40540203233617
77,CCCCCCCC,TVMXDCGIABBOFY-UHFFFAOYSA-N,RB,1,1.0848432082491326
78,CCCCOC(=O)C,DKPFZGUDAPQIHT-UHFFFAOYSA-N,RB,1,1.5782494534896945
79,CC(C)(C)OOC(=O)c1ccccc1,GJBRNHKUVLOCEB-UHFFFAOYSA-N,NRB,0,3.9877964882112944
80,COc1ccc(cc1)Oc1cc(O)c2c(c1N)C(=O)c1c(C2=O)cccc1,BGIJPDMVGSTDDJ-UHFFFAOYSA-N,NRB,0,9.167226403338232
81,ClCC(CCl)O[P](=O)(OC(CCl)CCl)OC(CCl)CCl,ASLWPAWFJZFCKF-UHFFFAOYSA-N,NRB,0,10.604096934679422
82,CC(C)=CCC\C(C)=C/C=O,WTEVQBCEXWBHNA-YFHOEESVSA-N,RB,1,3.198694339303092
83,OC(=O)CN(CCN(CC(=O)O)CC(=O)O)CC(=O)O,KCXVZYZYPLLWCC-UHFFFAOYSA-N,NRB,0,11.128783838576346
84,Nc1cc(Cl)ccc1Cl,AVYGCQXNNJPXSS-UHFFFAOYSA-N,NRB,0,2.153293728544995
85,CC(C)(C)c1cc(cc(c1O)C(C)(C)C)c2ccccc2,JIEWQZNTUPWNMX-UHFFFAOYSA-N,NRB,0,3.242632859186497
86,O=Cc1ccccc1,HUMNYLRZRPPJDN-UHFFFAOYSA-N,RB,1,2.9965994000043117
87,Oc1ccc(O)cc1,QIGBRXMKCJKVMJ-UHFFFAOYSA-N,RB,1,3.3198568480281154
88,C=CC(=O)OCCN1C(=O)N(CCOC(=O)C=C)C(=O)N(CCOC(=O)C=C)C1=O,YIJYFLXQHDOQGW-UHFFFAOYSA-N,NRB,0,13.324500178406161
89,OCCN(S(=O)(=O)C(C(C(C(C(C(F)(F)F)(F)F)(F)F)(F)F)(F)F)(F)F)CC,SSGYCIQAXNQIBC-UHFFFAOYSA-N,NRB,0,3.0046077179915813
90,CCCCCCCCC(=O)O,FBUKVWPVBMHYJY-UHFFFAOYSA-N,RB,1,1.3142217872153112
91,Oc1ccccc1CC=C,QIRNGVVZBINFMX-UHFFFAOYSA-N,RB,1,2.9670666321887045
92,FC(=C(F)OC(F)(F)C(F)(F)C(F)(F)F)F,KHXKESCWFMPTFT-UHFFFAOYSA-N,NRB,0,6.947771182679465
93,CC(C)c1ccc(cc1)C(=O)O,CKMXAIVXVKGGFM-UHFFFAOYSA-N,RB,1,2.2895501482833254
94,CCNc1cccc2ccccc12,KDFFXYVOTKKBDI-UHFFFAOYSA-N,NRB,0,4.238924632648719
95,CC(O)C(=O)O,JVTAAEKCZFNVCJ-UHFFFAOYSA-N,RB,1,3.4536276389500387
96,C\1C\C=C/CC\C=C1,VYXHVRARDIDEHS-QGTKBVGQSA-N,NRB,0,2.9942542557506635
97,Oc1ccccc1C=O,SMQUZDBALVYZAC-UHFFFAOYSA-N,NRB,0,4.601259028184784
98,COc1ccccc1Nc1ccc(c2c1C(=O)c1ccccc1C2=O)N,KCHSQBUPMQJKRM-UHFFFAOYSA-N,NRB,0,8.20903633810708
99,N=C(Nc1ccccc1)Nc2ccccc2,OWRCNXZUPFZXOS-UHFFFAOYSA-N,NRB,0,9.638684925523371
100,CCCN(c1ccc(c(c1)NC(=O)C)/N=N/c1nnc(s1)SCC)CCC,RYUOZOUELVJZGD-QZQOTICOSA-N,NRB,0,10.200163283331108
101,Cc1ccc(C)c(C)c1,GWHJZXXIDMPWGX-UHFFFAOYSA-N,NRB,0,2.4526415896492835
102,CN(C)C(=O)Nc1cc(o[n]1)C(C)(C)C,JLLJHQLUZAKJFH-UHFFFAOYSA-N,RB,1,6.95887761146349
103,CCCCCCCCCCCCCCCCCCCCCCCC,POOSGDOYLQNASK-UHFFFAOYSA-N,RB,1,1.3752017820195102
104,O=C(Nc1ccc(Cc2ccc(NC(=O)N3CC3)cc2)cc1)N4CC4,XECQDYXJWMHGBI-UHFFFAOYSA-N,NRB,0,14.206782277216425
105,CCCCCCCCCCCCCCCCCCCCCCC,FIGVVZUWCLSUEI-UHFFFAOYSA-N,RB,1,1.254703995003348
106,CN(C(=O)CC(=O)N(C)c1c(I)c(C(=O)NC(CO)C(O)CO)c(I)c(C(=O)NC(CO)C(O)CO)c1I)c2c(I)c(C(=O)NC(CO)C(O)CO)c(I)c(C(=O)NC(CO)C(O)CO)c2I,XUHXFSYUBXNTHU-UHFFFAOYSA-N,NRB,0,34.132723366328044
107,COC(=O)CC[N+]([O-])=O,PVOVDKWDSQCJAA-UHFFFAOYSA-N,RB,1,5.516458480144206
108,OC(=O)c1ccccc1C(=O)O,XNGIFLGASWRNHJ-UHFFFAOYSA-N,RB,1,3.85055139390305
109,Cc1ccccc1C,CTQNGGLPUBDAKN-UHFFFAOYSA-N,RB,1,1.7239592927800544
110,c1ccc(cc1)c2ccccc2,ZUOUZKKEUPVFJK-UHFFFAOYSA-N,RB,1,2.9060750393015695
111,O=C1OC(=O)C2CC=CCC12,KMOUUZVZFBCRAM-UHFFFAOYSA-N,NRB,0,4.494248246063415
112,ClC1=C(Cl)C(=O)c2ccccc2C1=O,SVPKNMBRVBMTLB-UHFFFAOYSA-N,NRB,0,7.91475264117981
113,CC(=CCCC(C)(O)C=C)C,CDOSHBSSFJOMGT-UHFFFAOYSA-N,RB,1,3.191498055618735
114,Cl[C@@H]1[C@H](Cl)[C@@H](Cl)[C@H](Cl)[C@@H](Cl)[C@@H]1Cl,JLYXXMFPNIAWKQ-GPIVLXJGSA-N,NRB,0,4.9236317011006365
115,CCCCCCCCCCCCCCCCCC(=O)OCCOC(=O)CCCCCCCCCCCCCCCCC,FPVVYTCTZKCSOJ-UHFFFAOYSA-N,RB,1,5.849310782159068
116,CC(O)CN(CC(C)O)CC(C)O,SLINHMUFWFWBMU-UHFFFAOYSA-N,NRB,0,4.284352328934118
117,CCCCCCCCCCSSCCCCCCCCCC,IDJPKRIELSFBPE-UHFFFAOYSA-N,NRB,0,2.8095022558862532
118,CCCC(=O)O,FERIUCNNQQJTOY-UHFFFAOYSA-N,RB,1,2.0080710285723185
119,C=CC1CCC=CC1,BBDKZWKEPDTENS-UHFFFAOYSA-N,NRB,0,2.732940331390355
120,CC(C)(C)c1cc(CO)cc(c1O)C(C)(C)C,HNURKXXMYARGAY-UHFFFAOYSA-N,NRB,0,2.9708652786278376
121,CCC(C)c1ccccc1O,NGFPWHGISWUQOI-UHFFFAOYSA-N,NRB,0,2.326738261716049
122,CC(C)(C)c1cc(CN2C(=O)N(Cc3cc(c(O)c(c3)C(C)(C)C)C(C)(C)C)C(=O)N(Cc4cc(c(O)c(c4)C(C)(C)C)C(C)(C)C)C2=O)cc(c1O)C(C)(C)C,VNQNXQYZMPJLQX-UHFFFAOYSA-N,NRB,0,18.09765054249526
123,CC1CCCC(C)N1,SDGKUVSVPIIUCF-UHFFFAOYSA-N,NRB,0,6.167031318717638
124,CCCCCCCCCCCCCCCCCCO,GLDOVTGHNKAZLK-UHFFFAOYSA-N,RB,1,2.1507175545718513
125,CCCCCCCCO[C@@H]1OC(CO)[C@@H](O)[C@H](O)[C@H]1O,HEGSGKPQLMEBJL-ZLMOABSSSA-N,RB,1,4.897636849306793
126,CCc1cccc(C=C)c1,XHUZSRRCICJJCN-UHFFFAOYSA-N,NRB,0,1.8605283604519547
127,CCCCCCCCOc1ccc(c(O)c1)C(=O)c2ccccc2,QUAMTGJKVDWJEQ-UHFFFAOYSA-N,NRB,0,5.742605072642625
128,Oc1cccc(O)c1,GHMLBKRAJCXXBS-UHFFFAOYSA-N,RB,1,2.96611216402002
129,CC(C)(C)CC(C)(C)c1ccc(O)cc1,ISAVYTVYFVQUDY-UHFFFAOYSA-N,NRB,0,2.317989050438407
130,OC(=O)\C=C\c1ccccc1,WBYWAXJHAXSJNI-VOTSOKGWSA-N,RB,1,2.7671639672789543
131,CC(C)(CO)COC(=O)C(C)(C)CO,SZCWBURCISJFEZ-UHFFFAOYSA-N,NRB,0,5.236414059122944
132,COC,LCGLNKUTAGEVQW-UHFFFAOYSA-N,NRB,0,4.1933568311268985
133,C1CCc2ccccc2C1,CXWXQJXEFPUFDZ-UHFFFAOYSA-N,NRB,0,3.4928355213582702
134,CNc1ccccc1C(=O)O,WVMBPWMAQDVZCM-UHFFFAOYSA-N,RB,1,4.2870555656218
135,C1CCC2CCCCC2C1,NNBZCPXTIHJBJL-UHFFFAOYSA-N,NRB,0,5.418097548267331
136,CC(C)(C)OOC(C)(C)CCC(C)(C)OOC(C)(C)C,DMWVYCCGCQPJEA-UHFFFAOYSA-N,NRB,0,6.486600217267757
137,Oc1ccc(Cl)cc1Cc2ccccc2,NCKMMSIFQUPKCK-UHFFFAOYSA-N,RB,1,3.1360671937892923
138,N#Cc1cccnc1,GZPHSAQLYPIAIN-UHFFFAOYSA-N,NRB,0,5.0361353773614255
139,OCCOCCO,MTHSVFCYNBDYFN-UHFFFAOYSA-N,RB,1,3.0493941959298527
140,Cc1cc(Cl)c(C)cc1,KZNRNQGTVRTDPN-UHFFFAOYSA-N,NRB,0,3.144100695874925
141,C1CCC=CC1,HGCIXCUEYOPUTN-UHFFFAOYSA-N,NRB,0,2.92463987264308
142,Cc1cc(C)c(cc1C)C,SQNZJJAZBFDUTD-UHFFFAOYSA-N,NRB,0,4.440924266661663
143,CC1(C)COC(=O)C1O,SERHXTVXHNVDKA-UHFFFAOYSA-N,RB,1,5.336895769721278
144,Nc1cccc(c1)S(=O)(=O)O,ZAJAQTYSTDTMCU-UHFFFAOYSA-N,NRB,0,3.1680448581441336
145,CCCCCCCCCCCCOC(=O)CCSCCC(=O)OCCCCCCCCCCCC,GHKOFFNLGXMVNJ-UHFFFAOYSA-N,RB,1,6.904671576570181
146,CC(C)(C)C=O,FJJYHTVHBVXEEQ-UHFFFAOYSA-N,RB,1,2.9053053383299132
147,c1ccccc1CC(=O)NC1C2SC(C)(C)C(C(=O)O)N2C1=O,JGSARLDLIJGVTE-UHFFFAOYSA-N,NRB,0,20.61567400115382
148,CC(=O)CC(=O)Nc1ccc(C)cc1C,HGVIAKXYAZRSEG-UHFFFAOYSA-N,NRB,0,5.673510556700765
149,CC(N)=S,YUKQRDCYNOVPGJ-UHFFFAOYSA-N,NRB,0,11.144554440829468
150,CCC1OC(=O)C(C)C(OC2CC(C)(OC)C(O)C(C)O2)C(C)C(OC2OC(C)CC(N(C)C)C2O)C(C)(O)CC(C)C(=O)C(C)C(O)C1(C)O,ULGZDMOVFRHVEP-UHFFFAOYSA-N,NRB,0,20.491437066436305
151,Cc1ccc(N=Nc2c(O)ccc3ccccc23)c(c1)[N+]([O-])=O,ZLFVRXUOSPRRKQ-UHFFFAOYSA-N,NRB,0,6.685971437120233
152,CCCCOC(=O)C(C)=C,SOGAXMICEFXMKE-UHFFFAOYSA-N,RB,1,1.68749099575378
153,CCCCC1CC(OC)C(O)CC1,QPDWFJFHTLBWOS-UHFFFAOYSA-N,RB,1,4.901997067843188
154,CCCCCCCCCCCCCCCCCCOP1OCC2(COP(OC2)OCCCCCCCCCCCCCCCCCC)CO1,PZRWFKGUFWPFID-UHFFFAOYSA-N,RB,1,12.042914675404392
155,CCCCCCCCC,BKIMMITUMNQMOS-UHFFFAOYSA-N,RB,1,1.0834532824977372
156,NC(CSSCC(N)C(O)=O)C(O)=O,LEVWYRKDKASIDU-UHFFFAOYSA-N,RB,1,7.095951357012397
157,Oc1c(Cl)cc(Cl)c(Cl)c1Cl,VGVRPFIJEJYOFN-UHFFFAOYSA-N,NRB,0,3.5631409113546506
158,Clc1ccccc1NNc2ccccc2Cl,IWKMQNKKYZERHI-UHFFFAOYSA-N,NRB,0,12.99788773570616
159,FC(C(F)F)F,WXGNWUVNYMJENI-UHFFFAOYSA-N,NRB,0,7.069198297702694
160,Oc1cccc2C(=O)c3ccccc3C(=O)c12,BTLXPCBPYBNQNR-UHFFFAOYSA-N,NRB,0,4.7232467787954855
161,CCCCCCCCCCCCC,IIYFAKIEWZDVMP-UHFFFAOYSA-N,RB,1,0.8161949990014938
162,Clc1cc(Cl)cc(Cl)c1,XKEFYDZQGKAQCN-UHFFFAOYSA-N,NRB,0,2.465389008609184
163,CCOc1ccc(N)cc1,IMPPGHMHELILKG-UHFFFAOYSA-N,NRB,0,3.6146149026437917
164,CCC(=O)C,ZWEHNKRNPOVVGH-UHFFFAOYSA-N,RB,1,1.9963135705521957
165,Oc1ccc(cc1)N=Nc1ccc(c2c1cccc2)N=Nc1ccccc1,FWTBRYBHCBCJEQ-UHFFFAOYSA-N,NRB,0,5.1915520256751755
166,CC(C)C(O)C(C)(C)COC(=O)C(C)C,DAFHKNAQFPVRKR-UHFFFAOYSA-N,RB,1,5.338942603699092
167,ClC=C(Cl)Cl,XSTXAVWGXDQKEL-UHFFFAOYSA-N,NRB,0,3.158000828357148
168,N[C@@H](CCCN=C(N)N)C(O)=O,ODKSFYDXXFIFQN-BYPYZUCNSA-N,RB,1,12.077182239868783
169,COCCOCCOC,SBZXBUIDTXKZTM-UHFFFAOYSA-N,NRB,0,5.699399150988977
170,BrC=CBr,UWTUEMKLYAGTNQ-UHFFFAOYSA-N,NRB,0,3.281994266970924
171,CN(C)c1ccc(Cc2ccc(cc2)N(C)C)cc1,JNRLEMMIVRBKJE-UHFFFAOYSA-N,NRB,0,6.62421088105354
172,CCCCCCCC(=O)Oc1c(Br)cc(cc1Br)C#N,DQKWXTIYGWPGOO-UHFFFAOYSA-N,RB,1,6.766322057133788
173,O=C1\C(Nc2ccccc12)=C\3Nc4ccccc4C3=O,COHYTHOBJLSHDF-BUHFOSPRSA-N,NRB,0,9.016479337909868
174,CCC(CC)C(=O)OCCOCCOCCOC(=O)C(CC)CC,JEYLQCXBYFQJRO-UHFFFAOYSA-N,RB,1,6.701593060207238
175,OCCOCCOCCO,ZIBGPFATKBEMQZ-UHFFFAOYSA-N,RB,1,3.4286235392124467
176,N(c1ccccc1)c2cccc3ccccc23,XQVWYOYUZDUNRW-UHFFFAOYSA-N,NRB,0,4.273819178239509
177,OCC#C,TVDSBUOJIPERQY-UHFFFAOYSA-N,RB,1,15.768233112972311
178,CCCCCCCCCCCCCCCCC,NDJKXXJCMXVBJW-UHFFFAOYSA-N,RB,1,0.7873867823753739
179,CC(C)(N)Cc1ccccc1Cl,HXCXASJHZQXCKK-UHFFFAOYSA-N,NRB,0,3.684279568135114
180,Nc1cc(c(O)c2C(=O)c3c(N)cc(c(O)c3C(=O)c12)S(=O)(=O)O)S(=O)(=O)O,MVWQCFNJWMLYDF-UHFFFAOYSA-N,NRB,0,12.224293682793112
181,Nc1ccc(cc1C#N)[N+](=O)[O-],MGCGMYPNXAFGFA-UHFFFAOYSA-N,NRB,0,5.400475846741869
182,CCOC(=O)c1ccc2c(c1)C(OC2=O)(c1ccc(cc1OCC)N(CC)CC)c1c2ccccc2n(c1C)CC,YKKDHRLYLZJUEY-UHFFFAOYSA-N,NRB,0,11.010041603150825
183,CC(C)(C)NSc1nc2ccccc2s1,IUJLOAKJZQBENM-UHFFFAOYSA-N,NRB,0,8.905704722558157
184,Clc1ccccn1,OKDGRDCXVWSXDC-UHFFFAOYSA-N,NRB,0,3.2532663458708657
185,Brc1ccc(Oc2cc(Br)c(Br)c(Br)c2Br)cc1Br,JSDPCMJWYRDQEV-UHFFFAOYSA-N,NRB,0,4.297794953889658
186,COc1ccc(cc1)C(=O)O,ZEYHEAKUIGZSGI-UHFFFAOYSA-N,RB,1,3.928235415256777
187,CC(C)CN,KDSNLYIMUZNERS-UHFFFAOYSA-N,RB,1,2.135420600666586
188,CCCCCCCC(=O)N(CCO)CCO,FZQAYFWUOCXLKJ-UHFFFAOYSA-N,RB,1,2.5096349622236525
189,Cc1cc(N)ccc1Cl,HIHCTGNZNHSZPP-UHFFFAOYSA-N,NRB,0,2.32120382719257
190,Cc1ccc(O)cc1N(=O)=O,BQEXDUKMTVYBRK-UHFFFAOYSA-N,NRB,0,3.7573243388278192
191,OC(=O)CC(=O)O,OFOBLEOULBTSOW-UHFFFAOYSA-N,RB,1,3.116868881323446
192,COc1ccccc1OCC(O)COC(=O)N,GNXFOGHNGIVQEH-UHFFFAOYSA-N,NRB,0,10.580200709722192
193,CCCCCCCCCCOCCCCCCCCCC,LTSWUFKUZPPYEG-UHFFFAOYSA-N,RB,1,2.7776142403045085
194,CN(CCO)CCO,CRVGTESFCCXCTH-UHFFFAOYSA-N,NRB,0,4.283818399927702
195,NC(CCCNC(=N)N)C(=O)O,ODKSFYDXXFIFQN-UHFFFAOYSA-N,RB,1,11.461291023467801
196,COCCNc1nc(NCCOC)c(c(c1/N=N/c1cccc2c1C(=O)c1ccccc1C2=O)C)C#N,YYXXGEUJUGIQRT-ULIFNZDWSA-N,NRB,0,13.6702223439264
197,COc1cc(ccc1O)C(=O)O,WKOLLVMJNQIZCI-UHFFFAOYSA-N,RB,1,4.972151764456545
198,N#Cc1ccccc1,JFDZBHWFFUWGJE-UHFFFAOYSA-N,RB,1,3.412757783748114
199,c1ccc2c(c1)c3cccc4cccc2c34,GVEPBJHOBDJJJI-UHFFFAOYSA-N,NRB,0,5.0689222419194495
200,CNC(=O)NC,MGJKQDOBUOMPEZ-UHFFFAOYSA-N,NRB,0,6.613136604521905
201,CCCCCCCCCCCCCCCC[N+](C)(C)C,RLGQACBPNDBWTB-UHFFFAOYSA-N,NRB,0,7.031122036504118
202,Oc1cc(cc2cc(ccc12)S(O)(=O)=O)S(O)(=O)=O,TZBROGJRQUABOK-UHFFFAOYSA-N,RB,1,4.729259173267648
203,Oc1ccc(Cc2ccc(O)cc2)cc1,PXKLMJQFEQBVLD-UHFFFAOYSA-N,NRB,0,3.396319096844344
204,c1ccccc1CC(c2ccccc2)(C(C)CN(C)C)OC(=O)CC,XLMALTXPSGQGBX-UHFFFAOYSA-N,NRB,0,5.8241221481089624
205,CCN(CC)CCO,BFSVOASYOCHEOV-UHFFFAOYSA-N,NRB,0,3.8760525446933474
206,Oc1ccc(c(O)c1)C(=O)c2ccccc2,ZXDDPOHVAMWLBH-UHFFFAOYSA-N,NRB,0,4.796219318160346
207,CCC9(O)CC3CN(CCc1c([nH]c2ccccc12)C(C3)(C(=O)OC)c4cc5c(cc4OC)N(C)C6C(O)(C(OC(C)=O)C7(CC)C=CCN8CCC56C78)C(=O)OC)C9,JXLYSJRDGCGARV-UHFFFAOYSA-N,NRB,0,41.09000142023058
208,CCCCCCCCCCc1ccc(O)c(CN=O)c1,SCJMXPGGFVOBHR-UHFFFAOYSA-N,RB,1,7.713041156986961
209,Clc1[n][n]c(Cl)c2ccccc12,ODCNAEMHGMYADO-UHFFFAOYSA-N,NRB,0,7.08506559696508
210,CCCCCCCCCCCCCCCCCCCCCCCCCC,HMSWAIKSFDFLKN-UHFFFAOYSA-N,RB,1,1.4327483931724725
211,CC(C)CC(C)OC(=O)C,CPIVYSAVIPTCCX-UHFFFAOYSA-N,RB,1,2.0930996885000774
212,C#CC1(CCCCC1)OC(N)=O,GXRZIMHKGDIBEW-UHFFFAOYSA-N,RB,1,17.791596391867774
213,[O-][N+](=O)C(Cl)(Cl)Cl,LFHISGNCFUNFFM-UHFFFAOYSA-N,NRB,0,5.742075693992395
214,CC(C)(C)OOC(C)(C)c1cccc(c1)C(C)(C)OOC(C)(C)C,UBRWPVTUQDJKCC-UHFFFAOYSA-N,NRB,0,5.7906157461283065
215,Cc1c(Cl)cccc1Nc1ccccc1C(O)=O,YEZNLOUZAIOMLT-UHFFFAOYSA-N,NRB,0,5.719775783843215
216,[O-][N+](=O)C(CO)(CO)CO,OLQJQHSAWMFDJE-UHFFFAOYSA-N,RB,1,5.827369867267582
217,OS(=O)(=O)c1ccc(Cl)cc1,RJWBTWIBUIGANW-UHFFFAOYSA-N,RB,1,3.7447521658319594
218,CCCCCCCCCCCCCCCCOCCCCCCCCCCCCCCCC,FDCJDKXCCYFOCV-UHFFFAOYSA-N,NRB,0,3.578045874266665
219,Cc1cccc(c1)c2ccccc2,NPDIDUXTRAITDE-UHFFFAOYSA-N,NRB,0,2.5153473599691676
220,CC#CC,XNMQEEKYCVKGBD-UHFFFAOYSA-N,NRB,0,4.262777095895472
221,N#CCc1ccccc1,SUSQOBVLVYHIEX-UHFFFAOYSA-N,RB,1,3.452821017512401
222,OC(=O)c1ccccc1-c1ccccc1C(O)=O,GWZCCUDJHOGOSO-UHFFFAOYSA-N,RB,1,5.869352468441316
223,OCCNc1nc(NCCCOCCOc2ccccc2)c(c(c1C#N)C)/N=N/c1ccc(cc1C#N)[N+](=O)[O-],DVEIMOJTBVDUFY-JEIPZWNWSA-N,NRB,0,9.937633316412745
224,c1c(Cl)ccc(OC(C)(C)C(O)=O)c1,TXCGAZHTZHNUAI-UHFFFAOYSA-N,NRB,0,4.319589330147336
225,Cc1ccc(O)cc1,IWDCLRJOBJJRNH-UHFFFAOYSA-N,RB,1,2.1478369767291823
226,Nc1ccc(Cl)cc1Cl,KQCMTOWTPBNWDB-UHFFFAOYSA-N,NRB,0,2.154725784004117
227,COCCl,XJUZRXYOEPSWMB-UHFFFAOYSA-N,RB,1,3.672601537124045
228,CC2COc3c(N1CCN(C)CC1)c(F)cc4c(=O)c(cn2c34)C(O)=O,GSDSWSVVBLHKDQ-UHFFFAOYSA-N,NRB,0,13.40435492963087
229,CCCCCl,VFWCMGCRMGJXDK-UHFFFAOYSA-N,NRB,0,2.3080903588823793
230,CC(c1ccccc1)c2cc(C(C)c3ccccc3)c(cc2O)C(C)c4ccccc4,XGMILMMTLIDCGL-UHFFFAOYSA-N,NRB,0,5.606528797838204
231,CNC(S)=S,HYVVJDQGXFXBRZ-UHFFFAOYSA-N,NRB,0,11.952833208502858
232,COc1cc(cc(OC)c1O)C(O)=O,JMSVCTWVEWCHDZ-UHFFFAOYSA-N,RB,1,7.725597156440049
233,CC(Br)C(=O)NC1=C(C)N(C)N(C1=O)c2ccccc2,YRHLNEWUAWQVFR-UHFFFAOYSA-N,NRB,0,7.813936358091865
234,CCc1cccc(O)c1,HMNKTRSOROOSPP-UHFFFAOYSA-N,RB,1,2.1471076423784208
235,CCc1ccc(O)cc1,HXDOZKJGKXYMEW-UHFFFAOYSA-N,RB,1,2.1514086998134214
236,NC(=O)OCC(C)(CCC)COC(=O)N,NPPQSCRMBWNHMW-UHFFFAOYSA-N,NRB,0,10.214093751604352
237,NNC(=O)CCCCC(=O)NN,IBVAQQYNSHJXBV-UHFFFAOYSA-N,NRB,0,18.848232153613235
238,CCCCC(CC)C(=O)OCC(COC(=O)C(CC)CCCC)(COC(=O)C(CC)CCCC)COC(=O)C(CC)CCCC,DRRMRHKHTQRWMB-UHFFFAOYSA-N,NRB,0,11.240386689382243
239,CC(C)Br,NAMYKGVDVNBCFQ-UHFFFAOYSA-N,RB,1,2.311852219458294
240,CC(C)CN1CCOCC1,QKVSMSABRNCNRS-UHFFFAOYSA-N,NRB,0,10.604050693524181
241,NCc1ccccc1,WGQKYBSKWIADBV-UHFFFAOYSA-N,RB,1,3.2525684986828165
242,OCCSCCO,YODZTKMDCQEPHD-UHFFFAOYSA-N,NRB,0,6.04348698764248
243,Nc1ccc(cc1)C(=O)O,ALYNCZNDIQEVRV-UHFFFAOYSA-N,RB,1,2.766300738342162
244,CCCCCCCCCCCCCC(=O)OCCCCCCCCCCCCCCCC,QAKXLTNAJLFSQC-UHFFFAOYSA-N,RB,1,3.5076747688352987
245,OC(c1ccc(Cl)cc1)(c2ccc(Cl)cc2)C(Cl)(Cl)Cl,UOAMTSKGCBMZTC-UHFFFAOYSA-N,NRB,0,6.093984711957301
246,o1cccc1,YLQBMQCUIZJEEH-UHFFFAOYSA-N,NRB,0,11.842829537339957
247,Brc1ccc2c(c1)C(=O)/C(=C/1\Sc3c(C1=O)ccc1c3c(Cl)ccc1)/N2,MJURASYNFLAELQ-CAPFRKAQSA-N,NRB,0,9.656144667225218
248,s1cnc2ccccc12,IOJUPLGTWVMSFF-UHFFFAOYSA-N,NRB,0,9.246946554398903
249,OC(C(O)C(O)=O)C(O)=O,FEWJPZIEWOKRBE-UHFFFAOYSA-N,RB,1,5.973027047310137
250,CCOC(=O)C(O)(c1ccc(Cl)cc1)c2ccc(Cl)cc2,RAPBNVDSDCTNRC-UHFFFAOYSA-N,NRB,0,6.506496664665853
251,C1CC=CCCC=C1,VYXHVRARDIDEHS-UHFFFAOYSA-N,NRB,0,2.9942542557506635
252,CCCCCCCCCc1cccc(O)c1CCCCCCCCC,JKTAIYGNOFSMCE-UHFFFAOYSA-N,NRB,0,3.627597110511486
253,Cc1ccc(c(O)c1)C(C)(C)C,XOUQAVYLRNOXDO-UHFFFAOYSA-N,NRB,0,1.9622860394009145
254,CCCCOC(=O)c1ccc(C(=O)OCCCC)c(c1)C(=O)OCCCC,RJIFVNWOLLIBJV-UHFFFAOYSA-N,RB,1,5.433282100441019
255,CCN(Cc1cccc(c1)S(=O)(=O)[O-])c2ccc(cc2)C(=C3C=CC(=[N+](CC)Cc4cccc(c4)S(=O)(=O)O)C=C3)c5ccc(cc5)N(C)C,IHZXTIBMKNSJCJ-UHFFFAOYSA-N,NRB,0,14.25559610639465
256,Nc1cc2ccccc2cc1,JBIJLHTVPXGSAM-UHFFFAOYSA-N,RB,1,3.2550725219384957
257,C=COCCCl,DNJRKFKAFWSXSE-UHFFFAOYSA-N,RB,1,3.846395885781604
258,C1CCC(N1)c1c[n]ccc1,MYKUKUCHPMASKF-UHFFFAOYSA-N,NRB,0,5.9906025635792295
259,Brc1c(Br)c(Br)c(Br)c(Br)c1Br,CAYGQBVSOZLICD-UHFFFAOYSA-N,NRB,0,5.142534147744593
260,SC(=S)NCCNC(S)=S,AWYFNIZYMPNGAI-UHFFFAOYSA-N,NRB,0,26.735765610362673
261,CCCCCCCCCCCCCCCCCCCCCCCCCCCCCCCCCCCC,YDLYQMBWCWFRAI-UHFFFAOYSA-N,RB,1,0.8588922888463091
262,c1cc(cc[n]1)C=Cc1ccccc1,QKHRGPYNTXRMSL-UHFFFAOYSA-N,RB,1,4.090453120539438
263,O=Cc1ccc2OCOc2c1,SATCULPHIDQDRE-UHFFFAOYSA-N,RB,1,6.156047332211408
264,FC(F)(F)C(F)(F)C(F)(F)C(F)(F)N(C(F)(F)C(F)(F)C(F)(F)C(F)(F)F)C(F)(F)C(F)(F)C(F)(F)C(F)(F)F,RVZRBWKZFJCCIB-UHFFFAOYSA-N,NRB,0,10.328958352976091
265,Nc1ccc(Cl)cc1,QSNSCYSYFYORTR-UHFFFAOYSA-N,NRB,0,2.7141852705819676
266,CN(C)c1ccccc1,JLTDJTHDQAWBAV-UHFFFAOYSA-N,NRB,0,3.4138339763597805
267,BrCC(CBr)(CBr)CBr,OYSVBCSOQFXYHK-UHFFFAOYSA-N,NRB,0,4.96600015832889
268,CC(CCO)CCO,SXFJDZNJHVPHPH-UHFFFAOYSA-N,RB,1,2.4881538857992176
269,O=C1C2=C(SC(=C(S2)C#N)C#N)C(=O)c3ccccc13,PYZSVQVRHDXQSL-UHFFFAOYSA-N,NRB,0,10.055004328858805
270,CCC(=O)CC(=O)CC,DGCTVLNZTFDPDJ-UHFFFAOYSA-N,RB,1,4.779337220931733
271,Clc1cc2S/C(=C/3\Sc4c(C3=O)c(C)cc(c4)Cl)/C(=O)c2c(c1)C,NDDLLTAIKYHPOD-ZCXUNETKSA-N,NRB,0,9.57228132300464
272,C[C@@H]1CC[C@]2([C@@H]([C@H]1C)C1=CC[C@H]3[C@@]([C@@]1(CC2)C)(C)CC[C@@H]1[C@]3(C)CC[C@@H](C1(C)C)O)C(=O)O,WCGUUGGRBIKTOS-GPOJBZKASA-N,NRB,0,14.90469748359331
273,CCCCCCCCCCCC[N+](C)(C)CC(O)=O,DVEKCXOJTLDBFE-UHFFFAOYSA-O,RB,1,7.492110224893366
274,Cc1cc(O)ccc1N(=O)=O,PIIZYNQECPTVEO-UHFFFAOYSA-N,NRB,0,3.7774915061493437
275,N[C@@H](CSSC[C@H](N)C(O)=O)C(O)=O,LEVWYRKDKASIDU-IMJSIDKUSA-N,RB,1,7.095951357012397
276,OS(=O)(=O)C(F)(F)C(F)(F)C(F)(F)C(F)(F)C(F)(F)C(F)(F)C(F)(F)C(F)(F)F,YFSUTJLHUFNCNZ-UHFFFAOYSA-N,NRB,0,9.609381217360282
277,CC(C)=CC1C(C(=O)OC2CC(=O)C(=C2C)CC=C)C1(C)C,ZCVAOQKBXKSDMS-UHFFFAOYSA-N,NRB,0,8.35257345844341
278,CCNC(=O)C,PMDCZENCAXMSOU-UHFFFAOYSA-N,RB,1,3.3139612504570852
279,CC(C)(C)c1cc(N=Nc2ccccc2[N+]([O-])=O)c(O)c(c1)C(C)(C)C,BBUYLEHVHUQHME-UHFFFAOYSA-N,NRB,0,7.773883580318684
280,Oc1ccccc1F,HFHFGHLXUCOHLN-UHFFFAOYSA-N,NRB,0,4.452138244542733
281,Nc1c(Cl)cc(cc1[N+](=O)[O-])[N+](=O)[O-],LHRIICYSGQGXSX-UHFFFAOYSA-N,NRB,0,4.832579681663206
282,CC(C)COc1ccc2ccccc2c1,XOHIHZHSDMWWMS-UHFFFAOYSA-N,NRB,0,4.740176527891181
283,Cc1cc(C)c(N)c(Cl)c1,LKAQFOKMMXWRRQ-UHFFFAOYSA-N,NRB,0,2.7945194753458207
284,OCC(=O)O,AEMRFAOFKBGASW-UHFFFAOYSA-N,RB,1,3.3168665050294446
285,CCCCCCCCCCCCCCCC(=O)OCC(O)C1OCC(O)C1O,IYFATESGLOUGBX-UHFFFAOYSA-N,RB,1,0.9511366254087533
286,CCC\C=C(/CC)\C=O,PYLMCYQHBRSDND-SOFGYWHQSA-N,RB,1,2.8731235598468534
287,CCCCN(CCO)CCCC,IWSZDQRGNFLMJS-UHFFFAOYSA-N,NRB,0,3.491806002767175
288,COC(=O)C,KXKVLQRXCPHEJC-UHFFFAOYSA-N,RB,1,2.6940864635016215
289,OC(=O)CSc1[n]ccc[n]1,NIEOYUNNKKAQKI-UHFFFAOYSA-N,RB,1,8.194908246583205
290,OC(=O)c1ccc(nc1)C(O)=O,LVPMIMZXDYBCDF-UHFFFAOYSA-N,NRB,0,3.941953156699277
291,Nc1ccc2c(cccc2[S](O)(=O)=O)c1[S](O)(=O)=O,YAIKCRUPEVOINQ-UHFFFAOYSA-N,NRB,0,4.809450179738795
292,Nc1ccccc1N,GEYOCULIXLDCMW-UHFFFAOYSA-N,NRB,0,5.722442676639504
293,NC(CCC(O)=O)C(O)=O,WHUUTDBJXJRKMK-UHFFFAOYSA-N,RB,1,3.976737118084259
294,O=C=NC(c1cccc(c1)C(N=C=O)(C)C)(C)C,AZYRZNIYJDKRHO-UHFFFAOYSA-N,NRB,0,8.686331971303572
295,CC(=C)C#N,GYCMBHHDWRMZGG-UHFFFAOYSA-N,RB,1,3.1666803622077153
296,CN=C=S,LGDSHSYDSCRFAB-UHFFFAOYSA-N,NRB,0,12.42219495851779
297,C=CCN(c1cc(NC(=O)C)c(cc1OC)/N=N/c1c(Br)cc(cc1[N+](=O)[O-])[N+](=O)[O-])Cc1ccccc1,YSZZWYQJLRICAX-ZQHSETAFSA-N,NRB,0,7.109204472073802
298,CC1OC(C)OC(C)OC(C)O1,GKKDCARASOJPNG-UHFFFAOYSA-N,NRB,0,7.701431496748711
299,CCCCCCCCO,KBPLFHHGFOOTCA-UHFFFAOYSA-N,RB,1,0.9860596241820075
300,Cc1cc(C)c(N)c(C)c1,KWVPRPSXBZNOHS-UHFFFAOYSA-N,NRB,0,3.27257427965951
301,CCC=O,NBBJYMSMWIIQGU-UHFFFAOYSA-N,RB,1,2.4586451999708583
302,CCCCCCCC(=O)O,WWZKQHOCKIZLMA-UHFFFAOYSA-N,RB,1,1.3882872416913823
303,O[S](=O)(=O)c1ccccc1,SRSXLGNVWSONIS-UHFFFAOYSA-N,RB,1,3.341326897894055
304,OC(=O)C(Cl)(Cl)Cl,YNJBWRMUSHSURL-UHFFFAOYSA-N,NRB,0,4.2082885801382055
305,CCOc1ccc(NC(C)=O)cc1,CPJSUEIXXCENMM-UHFFFAOYSA-N,NRB,0,4.4558612620127045
306,Oc1ccc(cc1)/N=N/c1ccc(cc1)/N=N/c1ccccc1,RTZYVAQWQXPIAC-DKHHWMATSA-N,NRB,0,5.497054174920225
307,CN1CCCC1=O,SECXISVLQFMRJM-UHFFFAOYSA-N,RB,1,10.316177486649766
308,Cc1ccc(cc1Cl)[N+](=O)[O-],LLYXJBROWQDVMI-UHFFFAOYSA-N,NRB,0,2.484301066847765
309,CN(C)C1C2CC3C(=C(O)C2(O)C(=O)C(C(N)=O)=C1O)C(=O)c1c(O)cccc1C3(C)O,OFVLGDICTFRJMM-UHFFFAOYSA-N,NRB,0,15.456320785162985
310,O=C1NC=CC=C1,UBQKCCHYAOITMY-UHFFFAOYSA-N,RB,1,7.294971974520841
311,NCCNCCNCCNCCNCCN,LSHROXHEILXKHM-UHFFFAOYSA-N,NRB,0,12.16431049749638
312,Clc1ccc(c(c1)[N+](=O)[O-])N=Nc1c(O)ccc2c1cccc2,FHEFMHNVEBIQDW-UHFFFAOYSA-N,NRB,0,7.010875069705353
313,Nc1ccc(Cl)cc1[N+](=O)[O-],PBGKNXWGYQPUJK-UHFFFAOYSA-N,NRB,0,4.9664157746935444
314,Cc1cc(C)cc(O[P](=O)(Oc2cc(C)cc(C)c2)Oc3cc(C)cc(C)c3)c1,LLPMAOBOEQFPRE-UHFFFAOYSA-N,NRB,0,10.547991162962466
315,c1cc[nH]c1,KAESVJOAVNADME-UHFFFAOYSA-N,RB,1,6.925884363644218
316,CCOC(=O)CC(=O)C(=O)OCC,JDXYSCUOABNLIR-UHFFFAOYSA-N,RB,1,5.236068260341327
317,Nc1c(N)ccc2c1c1ccc3c4c1c(C2=O)ccc4c1c2c3ccc3c2c(cc1)C(=O)c1c3cccc1,OREWMIWXOLAJSE-UHFFFAOYSA-N,NRB,0,18.17091616907942
318,O=C1C(Nc2ccccc12)=C1Nc2ccccc2C1=O,COHYTHOBJLSHDF-UHFFFAOYSA-N,NRB,0,9.016479337909868
319,[O-][N+](=O)c1cccc(c1)[N+](=O)[O-],WDCYWAQPCXBPJA-UHFFFAOYSA-N,NRB,0,3.9554279388321407
320,COCN(C(=O)CCl)c1c(CC)cccc1CC,XCSGPAVHZFQHGE-UHFFFAOYSA-N,NRB,0,7.166896186078397
321,Oc1c(Cl)cccc1Cl,HOLHYSJJBXSLMV-UHFFFAOYSA-N,NRB,0,3.346321724669538
322,CN(C)c1ccc(cc1)C2(OC(=O)c3cc(ccc23)N(C)C)c4ccc(cc4)N(C)C,IPAJDLMMTVZVPP-UHFFFAOYSA-N,NRB,0,9.876469120016203
323,Nc1cccc(c1)[N+]([O-])=O,XJCVRTZCHMZPBD-UHFFFAOYSA-N,NRB,0,3.736167480242733
324,CC(C)=C1CCC(=CC1)C,MOYAFQVGZZPNRA-UHFFFAOYSA-N,RB,1,3.0914787677378666
325,CCCOC(=O)c1ccc(nc1)C(=O)OCCC,IITCWRFYJWUUPC-UHFFFAOYSA-N,NRB,0,7.335560057303353
326,CC(C)C1=NC(=O)C=C(C)N1,AJPIUNPJBFBUKK-UHFFFAOYSA-N,NRB,0,7.1402194974643765
327,Oc1ccc(Cl)cc1,WXNZTHHGJRFXKQ-UHFFFAOYSA-N,NRB,0,2.0337940559614887
328,O=c1c2ccc3c4c2c(c2c1cccc2)[nH]c1c4c2c([nH]3)c3ccccc3c(=O)c2cc1,UNZUOEVFZAPITC-UHFFFAOYSA-N,NRB,0,16.841764636729696
329,[O-][N+](=O)c1ccc(Oc2c(Cl)cc(Cl)cc2Cl)cc1,XQNAUQUKWRBODG-UHFFFAOYSA-N,NRB,0,5.8200691669365385
330,COc1ccccc1NC(=O)CC(=O)C,KYYRTDXOHQYZPO-UHFFFAOYSA-N,NRB,0,6.95708776751399
331,OCCN(c1ccc(c(c1)Cl)/N=N/c1c(Cl)cc(cc1Cl)[N+](=O)[O-])CCO,HXXLWTPFYWMBSC-QZQOTICOSA-N,NRB,0,6.692221946861878
332,CCCCN(C)C(=O)Nc1ccc(Cl)c(Cl)c1,CCGPUGMWYLICGL-UHFFFAOYSA-N,NRB,0,5.0804059540517
333,NC(CC(=O)O)C(=O)O,CKLJMWTZIZZHCS-UHFFFAOYSA-N,RB,1,3.715754625630396
334,Oc1ccc(Cl)cc1Cc2cc(Cl)ccc2O,MDNWOSOZYLHTCG-UHFFFAOYSA-N,NRB,0,5.053457218988692
335,Cl[C@@H]1C[C@H]2[C@@H]([C@H]1Cl)[C@]3(Cl)C(=C(Cl)[C@]2(Cl)C3(Cl)Cl)Cl,BIWJNBZANLAXMG-BMNWGQGISA-N,NRB,0,6.633029107072112
336,Nc1ccc(cc1Cl)c2ccc(N)c(Cl)c2,HUWXDEQWWKGHRV-UHFFFAOYSA-N,NRB,0,5.683048575237805
337,CCN(c1ccc(c(c1)NC(=O)C)/N=N/c1c(Br)cc(cc1[N+](=O)[O-])[N+](=O)[O-])CC,WFFKSTRPZWRBEW-QURGRASLSA-N,NRB,0,6.513927929810005
338,Cc1ccc(cc1N=C=O)N=C=O,DVKJHBMWWAPEIU-UHFFFAOYSA-N,NRB,0,8.390954106913702
339,O=[P](Oc1ccccc1)(Oc2ccccc2)Oc3ccccc3,XZZNDPSIHUTMOC-UHFFFAOYSA-N,RB,1,7.303098753601802
340,Cc1cc(N)c(cc1Cl)[S](O)(=O)=O,VYZCFAPUHSSYCC-UHFFFAOYSA-N,NRB,0,3.8867157914973753
341,CC(=O)c1ccc(C)cc1,GNKZMNRKLCTJAY-UHFFFAOYSA-N,RB,1,3.608185363732126
342,CCCCCCCCCCCCc1ccccc1O,CYEJMVLDXAUOPN-UHFFFAOYSA-N,NRB,0,3.4218240494625793
343,Clc1cccc(c1)CCCc1ccccn1,WSYVPKXDXOEICV-UHFFFAOYSA-N,NRB,0,4.94650867989857
344,Oc1c(Cl)cc(Cl)cc1[N+]([O-])=O,LYPMXMBQPXPNIQ-UHFFFAOYSA-N,NRB,0,4.579340030793518
345,CN(c1ccc(cc1)C(c1ccc(cc1)N(C)C)c1ccc(cc1)N(C)C)C,OAZWDJGLIYNYMU-UHFFFAOYSA-N,NRB,0,9.542973036129359
346,CCCCCCCCCCCCCCCCCCCCC,FNAZRRHPUDJQCJ-UHFFFAOYSA-N,RB,1,1.0125658168669378
347,Cl[Si](Cl)(c1ccccc1)c2ccccc2,OSXYHAQZDCICNX-UHFFFAOYSA-N,NRB,0,5.215648310599309
348,CCN(C(=O)C=CC)c1ccccc1C,DNTGGZPQPQTDQF-UHFFFAOYSA-N,NRB,0,5.990928173298251
349,Oc1cccc2c(O)c(ccc12)N=Nc3cc(Cl)cc(c3O)S(=O)(=O)O,IBYXVIWFHOXOFB-UHFFFAOYSA-N,NRB,0,9.874426937320836
350,CNCC(=O)O,FSYKKLYZXJSNPZ-UHFFFAOYSA-N,RB,1,6.425727974991578
351,Oc1ccc(c2c1C(=O)c1c(C2=O)cccc1)Nc1ccc(cc1)OS(=O)(=O)C,NTZOUXAZCADJBZ-UHFFFAOYSA-N,NRB,0,7.981345610603747
352,CCCCOCCO[P](=O)(OCCOCCCC)OCCOCCCC,WTLBZVNBAKMVDP-UHFFFAOYSA-N,NRB,0,8.384414720191392
353,Brc1cc(c(c(c1O)Br)C)C1(OS(=O)(=O)c2c1cccc2)c1cc(Br)c(c(c1C)Br)O,FRPHFZCDPYBUAU-UHFFFAOYSA-N,NRB,0,7.899866218817838
354,CCCCCCC(C)O,SJWFXCIHNDVPSH-UHFFFAOYSA-N,RB,1,1.6628728015710703
355,O[S](=O)(=O)c1cc(Cl)ccc1Oc2ccc(Cl)cc2NC(=O)Nc3ccc(Cl)c(Cl)c3,MKUMTCOTMQPYTQ-UHFFFAOYSA-N,NRB,0,10.861003705657405
356,CCc1ccc(CC)cc1,DSNHSQKRULAAEI-UHFFFAOYSA-N,NRB,0,2.2347600220871535
357,O=C1OC(=O)C2CCCCC12,MUTGBJKUEZFXGO-UHFFFAOYSA-N,NRB,0,5.448501262387119
358,CCN(CC)c1ccc(c(O)c1)C(=O)c2ccccc2C(O)=O,FQNKTJPBXAZUGC-UHFFFAOYSA-N,NRB,0,6.684500980989356
359,CCCCCCCCCCCCCCCCCCS,QJAOYSPHSNGHNC-UHFFFAOYSA-N,NRB,0,7.500670683976925
360,CC(=C)c1ccccc1,XYLMUPLGERFSHI-UHFFFAOYSA-N,NRB,0,2.12279192273479
361,CC1(C)C2CCC(C2)C1=C,CRPUJAZIXJMDBK-UHFFFAOYSA-N,NRB,0,4.826589563143294
362,Nc1ccc2c(O)cc(cc2c1)[S](O)(=O)=O,KYARBIJYVGJZLB-UHFFFAOYSA-N,NRB,0,3.932223168857542
363,CCc1ccccc1C=C,VTPNYMSKBPZSTF-UHFFFAOYSA-N,NRB,0,1.8890895089845738
364,Sc1cccc2ccccc12,SEXOVMIIVBKGGM-UHFFFAOYSA-N,NRB,0,5.239685282003513
365,Clc1cc(ccc1/N=N/c1c(O)ccc2c1cccc2)N(=O)=O,XLTMWFMRJZDFFD-VHEBQXMUSA-N,NRB,0,7.202483354239102
366,CCCCCCCCCCCCCCC=C,GQEZCXVZFLOKMC-UHFFFAOYSA-N,RB,1,2.402494486802255
367,COc1cccc(c1)C(=O)O,XHQZJYCNDZAGLW-UHFFFAOYSA-N,RB,1,3.919921055363401
368,CBr,GZUXJHMPEANEGY-UHFFFAOYSA-N,NRB,0,2.685419461983066
369,CCC(=O)OC=C,UIWXSTHGICQLQT-UHFFFAOYSA-N,RB,1,1.73331810365576
370,OC(=O)COc1ccc(Cl)cc1Cl,OVSKIKFHRZPJSS-UHFFFAOYSA-N,NRB,0,4.676293934391686
371,CCCCCCCCCCCCCC(=O)N(CCO)CCO,SKDZEPBJPGSFHS-UHFFFAOYSA-N,RB,1,1.9705900019121871
372,CC(C)(O)C#N,MWFMGBPGAXYFAR-UHFFFAOYSA-N,RB,1,4.22400915304846
373,CCCCOC(=O)c1ccccc1C(=O)OCc2ccccc2,IRIAEXORFWYRCZ-UHFFFAOYSA-N,RB,1,4.464020293377859
374,CCC(COC(=O)C=C)(COC(=O)C=C)COC(=O)C=C,DAKWPKUUDNSNPN-UHFFFAOYSA-N,NRB,0,4.813814919167439
375,OCNC(=O)C=C,CNCOEDDPFOAUMB-UHFFFAOYSA-N,NRB,0,4.345504827921641
376,CCCCCCCCC=CCCCCCCCCOC(=O)CCCCC(=O)OCCCCCCCCC=CCCCCCCCC,QZULIRBSQUIUTA-UHFFFAOYSA-N,RB,1,6.606431988951301
377,N#CCCN(c1ccc(c(c1)C)/N=N/c1nc2c(s1)cc(cc2)[N+](=O)[O-])CC,WYHKEXCMJQVTSP-GHVJWSGMSA-N,NRB,0,7.70081296219167
378,Cc1ccc2c(c1)-c1c(O)cc(CCCCC)cc1OC2(C)C,VBGLYOIFKLUMQG-UHFFFAOYSA-N,RB,1,6.994430545465263
379,CCCCCCCCCCCO,KJIOQYGWTQBHNH-UHFFFAOYSA-N,RB,1,0.9579706792350047
380,ClC(=C(Cl)Cl)Cl,CYTYCFOTNPOANT-UHFFFAOYSA-N,NRB,0,4.184527428978525
381,O=C(c1ccc2c(c1)c(=O)c1c([nH]2)c2C(=O)c3ccccc3C(=O)c2cc1)Nc1cccc2c1C(=O)c1cccc(c1C2=O)NC(=O)c1ccccc1,RBKKSNZUCBLXGH-UHFFFAOYSA-N,NRB,0,17.77867336275299
382,Oc1cc(O)cc(O)c1,QCDYQQDYXPDABM-UHFFFAOYSA-N,RB,1,5.1500397561589955
383,CC(CCl)OP(=O)(OCCOCCOP(=O)(OC(C)CCl)OC(C)CCl)OC(C)CCl,OELSWGUDLGCUQF-UHFFFAOYSA-N,NRB,0,14.069239761538386
384,CCCCCCCCCCCCCCCCCO,GOQYKNQRPGWPLP-UHFFFAOYSA-N,RB,1,1.8104460596362044
385,CCc1cccc(CC)c1,AFZZYIJIWUTJFO-UHFFFAOYSA-N,NRB,0,2.163937220461269
386,N[C@@H](CCC(=O)O)C(=O)O,WHUUTDBJXJRKMK-VKHMYHEASA-N,RB,1,3.976737118084259
387,CCCCCCCCCCCCSP(SCCCCCCCCCCCC)SCCCCCCCCCCCC,JZNDMMGBXUYFNQ-UHFFFAOYSA-N,NRB,0,7.887747505733652
388,OCC=Cc1ccccc1,OOCCDEMITAIZTP-UHFFFAOYSA-N,RB,1,1.9813386883876525
389,CCOC(=O)\C=C(/Cl)\C(=O)OCC,VOEQTGMCAHZUNJ-WAYWQWQTSA-N,NRB,0,3.291474800106169
390,Cc1ccc(Cl)cc1Cl,FUNUTBJJKQIVSY-UHFFFAOYSA-N,NRB,0,2.5393084227959855
391,CC1=CCC2CC1C2(C)C,GRWFGVWFFZKLTI-UHFFFAOYSA-N,RB,1,5.058216490837352
392,CC(C)(C)c1cc(n2nc3ccccc3n2)c(O)c(c1)C(C)(C)C,LHPPDQUVECZQSW-UHFFFAOYSA-N,NRB,0,5.507926415662577
393,CCO[P](=S)(OCC)O\N=C(/C#N)c1ccccc1,ATROHALUCMTWTB-WYMLVPIESA-N,NRB,0,9.527799156352508
394,Nc1ccc(cc1)[S](N)(=O)=O,FDDDEECHVMSUSB-UHFFFAOYSA-N,NRB,0,6.835635673134198
395,CCCCCCC(C)Nc1ccc(Nc2ccccc2)cc1,JQTYAZKTBXWQOM-UHFFFAOYSA-N,NRB,0,4.5014368816002674
396,Oc1ccc2c(c1N=Nc1ccccc1[N+](=O)[O-])cccc2,YTVNZOABECTEPK-UHFFFAOYSA-N,NRB,0,6.887332262704391
397,CC1=CC(C)(C)Nc2ccccc12,ZNRLMGFXSPUZNR-UHFFFAOYSA-N,NRB,0,4.839351411843919
398,CC(=C)c1ccc(Cl)cc1,WQDGTJOEMPEHHL-UHFFFAOYSA-N,NRB,0,2.029055367790223
399,Clc1ccc(NC(=N)NC(=N)CCCCCCNC(=N)NC(=N)c2ccc(Cl)cc2)cc1,PGCOICYHSAOCDS-UHFFFAOYSA-N,NRB,0,44.830174692596955
400,c1ccc(cc1)c2ccc(cc2)c3ccccc3,XJKSTNDFUHDPQJ-UHFFFAOYSA-N,NRB,0,4.778526962091448
401,Cc1cc(Br)c(Br)c(OCC2CO2)c1,OCHHTRHAOPRQDK-UHFFFAOYSA-N,NRB,0,5.494628589558676
402,Oc1ccc(Br)cc1,GZFGOTFRPZRKDS-UHFFFAOYSA-N,NRB,0,1.9439830720055038
403,Cc1cccc(c1O)C(C)(C)C,BKZXZGWHTRCFPX-UHFFFAOYSA-N,NRB,0,2.747678321919329
404,CCC(CO)(CO)CO,ZJCCRDAZUWHFQH-UHFFFAOYSA-N,NRB,0,2.642901319599863
405,CCC9(O)CC3CN(CCc1c([nH]c2ccccc12)C(C3)(C(=O)OC)c4cc5c(cc4OC)N(C=O)C6C(O)(C(OC(C)=O)C7(CC)C=CCN8CCC56C78)C(=O)OC)C9,OGWKCGZFUXNPDA-UHFFFAOYSA-N,NRB,0,41.74324168942042
406,BrCCCBr,VEFLKXRACNJHOV-UHFFFAOYSA-N,NRB,0,2.0781362790025537
407,Clc1ccc(cc1)NC(=O)c1cc2c(cc1O)[nH]c1c2cccc1,PPLNRTPNYCWODC-UHFFFAOYSA-N,NRB,0,8.099159256417936
408,CN(C)CCN(C)CCN(C)C,UKODFQOELJFMII-UHFFFAOYSA-N,NRB,0,13.431803549215443
